,KREISID,ags,nuts,Land,bez,gen,ewz,kfl,stations,cars,cars_gasoline,cars_diesel,cars_gas,cars_hybrid,cars_plugin,cars_electric,cars_other,cars_other,cars_other,population,stations_per_pop,pop_per_station,cars_per_pop,ev_per_pop,ev_per_car,ev_per_station
0,179,08111,DE111,BADEN-WUERTTEMBERG,Stadtkreis,Stuttgart,630305.0,207.32,754.0,299695.0,190354,68192,2058,27768,15120,11267,56,12156,203,630000.0,0.0012,836.0,0.475,0.018,0.038,14.94
1,180,08115,DE112,BADEN-WUERTTEMBERG,Landkreis,Böblingen,392898.0,617.78,601.0,261103.0,160146,67165,1483,22481,10592,9781,47,10438,227,393000.0,0.0015,654.0,0.665,0.025,0.037,16.27
2,181,08116,DE113,BADEN-WUERTTEMBERG,Landkreis,Esslingen,533617.0,641.28,331.0,341655.0,220614,88947,1993,19815,8002,10220,66,11247,293,534000.0,0.0006,1612.0,0.64,0.019,0.03,30.88
3,182,08117,DE114,BADEN-WUERTTEMBERG,Landkreis,Göppingen,258781.0,642.32,176.0,169407.0,107662,48817,1477,7849,3173,3570,32,4077,149,259000.0,0.0007,1470.0,0.655,0.014,0.021,20.28
4,183,08118,DE115,BADEN-WUERTTEMBERG,Landkreis,Ludwigsburg,544971.0,686.77,326.0,336479.0,227974,79815,2098,18675,8161,7853,64,8520,148,545000.0,0.0006,1672.0,0.617,0.014,0.023,24.09
5,184,08119,DE116,BADEN-WUERTTEMBERG,Landkreis,Rems-Murr-Kreis,427286.0,858.09,231.0,271193.0,181136,68238,1816,13633,5940,6320,50,7029,183,427000.0,0.0005,1850.0,0.635,0.015,0.023,27.36
6,185,08121,DE117,BADEN-WUERTTEMBERG,Stadtkreis,Heilbronn,126458.0,99.9,0.0,69024.0,44036,19521,446,3759,1599,1249,13,1392,20,126000.0,0.0,0.0,0.546,0.01,0.018,0.0
7,186,08125,DE118,BADEN-WUERTTEMBERG,Landkreis,Heilbronn,346363.0,1099.94,569.0,251077.0,155356,72130,1480,16781,4144,5288,42,7072,434,346000.0,0.0016,609.0,0.725,0.015,0.021,9.29
8,187,08126,DE119,BADEN-WUERTTEMBERG,Landkreis,Hohenlohekreis,112765.0,776.76,67.0,86203.0,45177,33510,532,5155,1280,1820,9,2133,78,113000.0,0.0006,1683.0,0.764,0.016,0.021,27.16
9,188,08127,DE11A,BADEN-WUERTTEMBERG,Landkreis,Schwäbisch Hall,197860.0,1484.06,143.0,134607.0,76727,48891,1028,5044,2098,2895,22,3473,176,198000.0,0.0007,1384.0,0.68,0.015,0.022,20.24
10,189,08128,DE11B,BADEN-WUERTTEMBERG,Landkreis,Main-Tauber-Kreis,132684.0,1304.12,73.0,91749.0,53146,32624,628,3765,1314,1566,20,1892,93,133000.0,0.0006,1818.0,0.691,0.012,0.017,21.45
11,190,08135,DE11C,BADEN-WUERTTEMBERG,Landkreis,Heidenheim,132812.0,627.12,70.0,86649.0,53928,27393,614,3286,1178,1417,11,1647,69,133000.0,0.0005,1897.0,0.652,0.011,0.016,20.24
12,191,08136,DE11D,BADEN-WUERTTEMBERG,Landkreis,Ostalbkreis,314294.0,1511.38,173.0,210202.0,126869,68816,1260,9253,3716,3987,17,4626,219,314000.0,0.0006,1817.0,0.669,0.013,0.019,23.05
13,192,08211,DE121,BADEN-WUERTTEMBERG,Stadtkreis,Baden-Baden,55449.0,140.19,0.0,36044.0,21451,11103,155,2358,783,970,7,1113,46,55000.0,0.0,0.0,0.65,0.017,0.027,0.0
14,193,08212,DE122,BADEN-WUERTTEMBERG,Stadtkreis,Karlsruhe,308436.0,173.42,144.0,141504.0,85938,41399,1098,9040,3686,3982,47,4409,145,308000.0,0.0005,2142.0,0.459,0.013,0.028,27.65
15,194,08215,DE123,BADEN-WUERTTEMBERG,Landkreis,Karlsruhe,446852.0,1084.97,239.0,286622.0,183330,82322,1819,12535,4704,6566,50,7387,257,447000.0,0.0005,1870.0,0.641,0.015,0.023,27.47
16,195,08216,DE124,BADEN-WUERTTEMBERG,Landkreis,Rastatt,232091.0,738.44,216.0,153608.0,95992,45873,918,7194,2747,3610,21,4088,165,232000.0,0.0009,1074.0,0.662,0.016,0.024,16.71
17,196,08221,DE125,BADEN-WUERTTEMBERG,Stadtkreis,Heidelberg,158741.0,108.83,96.0,61102.0,37728,17827,367,3727,1374,1421,32,1639,67,159000.0,0.0006,1654.0,0.385,0.009,0.023,14.8
18,197,08222,DE126,BADEN-WUERTTEMBERG,Stadtkreis,Mannheim,309721.0,144.97,168.0,156176.0,97209,44938,844,10062,3894,3101,22,3648,167,310000.0,0.0005,1844.0,0.504,0.01,0.02,18.46
19,198,08225,DE127,BADEN-WUERTTEMBERG,Landkreis,Neckar-Odenwald-Kreis,143797.0,1125.95,72.0,97042.0,58576,32272,612,3753,1459,1818,11,2111,87,144000.0,0.0005,1997.0,0.675,0.013,0.019,25.25
20,199,08226,DE128,BADEN-WUERTTEMBERG,Landkreis,Rhein-Neckar-Kreis,548233.0,1061.54,220.0,358462.0,228244,99172,2079,19808,9376,9098,61,10161,326,548000.0,0.0004,2492.0,0.654,0.017,0.025,41.35
21,200,08231,DE129,BADEN-WUERTTEMBERG,Stadtkreis,Pforzheim,126016.0,97.99,46.0,63725.0,40994,17719,369,3270,1402,1365,8,1507,28,126000.0,0.0004,2739.0,0.506,0.011,0.021,29.67
22,201,08235,DE12A,BADEN-WUERTTEMBERG,Landkreis,Calw,160149.0,797.32,109.0,109045.0,65064,35257,721,4614,1687,3367,22,3667,108,160000.0,0.0007,1469.0,0.681,0.021,0.031,30.89
23,202,08236,DE12B,BADEN-WUERTTEMBERG,Landkreis,Enzkreis,199752.0,573.61,89.0,136264.0,89124,37060,921,5823,2401,3309,27,3677,101,200000.0,0.0004,2244.0,0.682,0.017,0.024,37.18
24,203,08237,DE12C,BADEN-WUERTTEMBERG,Landkreis,Freudenstadt,118364.0,870.41,57.0,79815.0,46398,27783,478,3627,1399,1517,12,1754,64,118000.0,0.0005,2077.0,0.674,0.013,0.019,26.61
25,204,08311,DE131,BADEN-WUERTTEMBERG,Stadtkreis,Freiburg im Breisgau,230940.0,153.04,163.0,95149.0,56002,31560,726,4367,1694,2464,30,2812,168,231000.0,0.0007,1417.0,0.412,0.011,0.026,15.12
26,205,08315,DE132,BADEN-WUERTTEMBERG,Landkreis,Breisgau-Hochschwarzwald,264867.0,1378.33,139.0,162886.0,99684,52232,937,5910,2113,4078,45,4755,290,265000.0,0.0005,1906.0,0.615,0.015,0.025,29.34
27,206,08316,DE133,BADEN-WUERTTEMBERG,Landkreis,Emmendingen,166862.0,679.81,56.0,104546.0,66071,31889,627,3586,1290,2359,14,2767,159,167000.0,0.0003,2980.0,0.627,0.014,0.023,42.12
28,207,08317,DE134,BADEN-WUERTTEMBERG,Landkreis,Ortenaukreis,432580.0,1860.3,238.0,280455.0,173537,89407,1448,9821,3795,6196,46,7173,318,433000.0,0.0006,1818.0,0.648,0.014,0.022,26.03
29,208,08325,DE135,BADEN-WUERTTEMBERG,Landkreis,Rottweil,140166.0,769.43,76.0,96677.0,57442,32610,530,4144,1670,1935,16,2281,117,140000.0,0.0005,1844.0,0.69,0.014,0.02,25.46
30,209,08326,DE136,BADEN-WUERTTEMBERG,Landkreis,Schwarzwald-Baar-Kreis,212872.0,1025.34,93.0,134908.0,82544,42105,880,6715,2516,2637,27,3114,136,213000.0,0.0004,2289.0,0.634,0.012,0.02,28.35
31,210,08327,DE137,BADEN-WUERTTEMBERG,Landkreis,Tuttlingen,141682.0,734.37,83.0,92082.0,54565,30106,499,4881,2007,2013,18,2322,81,142000.0,0.0006,1707.0,0.65,0.014,0.022,24.25
32,211,08335,DE138,BADEN-WUERTTEMBERG,Landkreis,Konstanz,286876.0,817.97,108.0,165023.0,106329,45945,1288,7252,2620,4175,34,4958,277,287000.0,0.0004,2656.0,0.575,0.015,0.025,38.66
33,212,08336,DE139,BADEN-WUERTTEMBERG,Landkreis,Lörrach,228842.0,806.67,112.0,139232.0,89581,39701,492,6084,1941,3341,33,3747,140,229000.0,0.0005,2043.0,0.608,0.015,0.024,29.83
34,213,08337,DE13A,BADEN-WUERTTEMBERG,Landkreis,Waldshut,171237.0,1131.13,110.0,110500.0,69349,33966,430,4098,1524,2626,31,3082,135,171000.0,0.0006,1557.0,0.645,0.015,0.024,23.87
35,214,08415,DE141,BADEN-WUERTTEMBERG,Landkreis,Reutlingen,287497.0,1092.46,177.0,183480.0,116691,53559,1328,8080,3564,3793,29,4237,153,287000.0,0.0006,1624.0,0.638,0.013,0.021,21.43
36,215,08416,DE142,BADEN-WUERTTEMBERG,Landkreis,Tübingen,228471.0,519.11,158.0,129003.0,79673,39613,1220,5517,2415,2949,31,3323,146,228000.0,0.0007,1446.0,0.565,0.013,0.023,18.66
37,216,08417,DE143,BADEN-WUERTTEMBERG,Landkreis,Zollernalbkreis,189862.0,917.57,80.0,131213.0,82441,39854,912,5615,2294,2368,23,2718,121,190000.0,0.0004,2373.0,0.691,0.012,0.018,29.6
38,217,08421,DE144,BADEN-WUERTTEMBERG,Stadtkreis,Ulm,126405.0,118.68,165.0,67727.0,39137,22454,467,3889,1482,1768,12,1893,46,126000.0,0.0013,766.0,0.536,0.014,0.026,10.72
39,218,08425,DE145,BADEN-WUERTTEMBERG,Landkreis,Alb-Donau-Kreis,198204.0,1358.54,111.0,132984.0,79695,44842,824,4644,1770,2957,22,3331,111,198000.0,0.0006,1786.0,0.671,0.015,0.022,26.64
40,219,08426,DE146,BADEN-WUERTTEMBERG,Landkreis,Biberach,202250.0,1409.49,73.0,136070.0,78134,49673,730,4330,1591,3189,14,3677,143,202000.0,0.0004,2771.0,0.673,0.016,0.023,43.68
41,220,08435,DE147,BADEN-WUERTTEMBERG,Landkreis,Bodenseekreis,217901.0,664.74,186.0,142071.0,87267,43069,845,7647,3355,3215,28,3878,204,218000.0,0.0009,1172.0,0.652,0.015,0.023,17.28
42,221,08436,DE148,BADEN-WUERTTEMBERG,Landkreis,Ravensburg,285888.0,1632.08,257.0,185550.0,108427,65117,1063,6622,2802,4288,33,5226,320,286000.0,0.0009,1112.0,0.649,0.015,0.023,16.68
43,222,08437,DE149,BADEN-WUERTTEMBERG,Landkreis,Sigmaringen,130946.0,1204.22,61.0,89350.0,52223,31014,655,3768,1258,1675,15,2009,104,131000.0,0.0005,2147.0,0.682,0.013,0.019,27.46
44,223,09161,DE211,BAYERN,Kreisfreie Stadt,Ingolstadt,136952.0,133.35,449.0,98747.0,53632,27632,514,12873,1948,4086,10,5929,505,137000.0,0.0033,305.0,0.721,0.03,0.041,9.1
45,224,09162,DE212,BAYERN,Kreisfreie Stadt,München,1488202.0,310.7,1429.0,761349.0,421599,221273,3441,89941,33434,24939,156,27532,700,1488000.0,0.001,1041.0,0.512,0.017,0.033,17.45
46,225,09163,DE213,BAYERN,Kreisfreie Stadt,Rosenheim,63591.0,37.22,0.0,36020.0,21217,12193,205,1662,587,736,7,830,39,64000.0,0.0,0.0,0.566,0.012,0.02,0.0
47,226,09171,DE214,BAYERN,Landkreis,Altötting,111654.0,569.29,76.0,73658.0,43855,24944,391,2902,1014,1558,8,1787,72,112000.0,0.0007,1469.0,0.66,0.014,0.021,20.5
48,227,09172,DE215,BAYERN,Landkreis,Berchtesgadener Land,106327.0,839.86,57.0,67056.0,40711,21911,281,2803,789,1339,11,1610,87,106000.0,0.0005,1865.0,0.631,0.013,0.02,23.49
49,228,09173,DE216,BAYERN,Landkreis,Bad Tölz-Wolfratshausen,128212.0,1110.66,51.0,82446.0,47710,29009,423,3635,1212,1652,17,2048,152,128000.0,0.0004,2514.0,0.643,0.013,0.02,32.39
50,229,09174,DE217,BAYERN,Landkreis,Dachau,155117.0,579.15,73.0,95518.0,57918,30560,566,4366,1586,2091,17,2434,111,155000.0,0.0005,2125.0,0.616,0.013,0.022,28.64
51,230,09175,DE218,BAYERN,Landkreis,Ebersberg,144091.0,549.4,76.0,87636.0,51750,28489,441,4587,1836,2356,13,2688,107,144000.0,0.0005,1896.0,0.608,0.016,0.027,31.0
52,231,09176,DE219,BAYERN,Landkreis,Eichstätt,133169.0,1213.84,92.0,87081.0,50896,30837,559,2973,1029,1807,9,2050,83,133000.0,0.0007,1447.0,0.654,0.014,0.021,19.64
53,232,09177,DE21A,BAYERN,Landkreis,Erding,138891.0,870.73,84.0,91783.0,52609,32275,449,4382,1404,2055,13,2305,79,139000.0,0.0006,1653.0,0.661,0.015,0.022,24.46
54,233,09178,DE21B,BAYERN,Landkreis,Freising,180313.0,799.83,125.0,111921.0,63188,40280,718,5084,1698,2635,16,3098,166,180000.0,0.0007,1443.0,0.621,0.015,0.024,21.08
55,234,09179,DE21C,BAYERN,Landkreis,Fürstenfeldbruck,218740.0,434.82,84.0,125494.0,78796,37318,742,5866,2068,2750,22,3176,152,219000.0,0.0004,2604.0,0.574,0.013,0.022,32.74
56,235,09180,DE21D,BAYERN,Landkreis,Garmisch-Partenkirchen,88279.0,1012.17,69.0,53367.0,32243,17620,287,2185,725,1019,13,1245,85,88000.0,0.0008,1279.0,0.605,0.012,0.019,14.77
57,236,09181,DE21E,BAYERN,Landkreis,Landsberg am Lech,121019.0,804.36,66.0,84951.0,48229,29859,583,3469,1150,2795,16,3226,161,121000.0,0.0005,1834.0,0.702,0.023,0.033,42.35
58,237,09182,DE21F,BAYERN,Landkreis,Miesbach,100183.0,866.23,116.0,67816.0,39169,23115,250,3649,1266,1621,12,1927,95,100000.0,0.0012,864.0,0.677,0.016,0.024,13.97
59,238,09183,DE21G,BAYERN,Landkreis,Mühldorf a. Inn,116483.0,805.34,53.0,77350.0,45068,27047,381,3212,989,1632,10,1908,92,116000.0,0.0005,2198.0,0.664,0.014,0.021,30.79
60,239,09184,DE21H,BAYERN,Landkreis,München,349685.0,664.26,537.0,240952.0,131347,75837,967,23466,9847,9290,45,14913,811,350000.0,0.0015,651.0,0.689,0.027,0.039,17.3
61,240,09185,DE21I,BAYERN,Landkreis,Neuburg-Schrobenhausen,97730.0,739.73,76.0,67210.0,39225,23913,420,2479,768,1164,9,1421,54,98000.0,0.0008,1286.0,0.688,0.012,0.017,15.32
62,241,09186,DE21J,BAYERN,Landkreis,Pfaffenhofen a.d. Ilm,129128.0,761.04,78.0,86392.0,48487,32033,677,3184,1043,1999,12,2327,81,129000.0,0.0006,1655.0,0.669,0.015,0.023,25.63
63,242,09187,DE21K,BAYERN,Landkreis,Rosenheim,261721.0,1439.43,184.0,176546.0,104029,59963,919,7369,2504,4243,23,5093,255,262000.0,0.0007,1422.0,0.675,0.016,0.024,23.06
64,243,09188,DE21L,BAYERN,Landkreis,Starnberg,136610.0,487.71,63.0,89584.0,52978,28031,412,5218,2102,2933,12,3345,131,137000.0,0.0005,2168.0,0.656,0.021,0.033,46.56
65,244,09189,DE21M,BAYERN,Landkreis,Traunstein,177485.0,1533.74,82.0,120900.0,71464,41460,588,4594,1652,2778,16,3227,155,177000.0,0.0005,2164.0,0.681,0.016,0.023,33.88
66,245,09190,DE21N,BAYERN,Landkreis,Weilheim-Schongau,136134.0,966.27,74.0,90570.0,54092,30748,546,3073,1131,2102,9,2439,132,136000.0,0.0005,1840.0,0.665,0.015,0.023,28.41
67,246,09261,DE221,BAYERN,Kreisfreie Stadt,Landshut,73065.0,65.83,0.0,38582.0,22609,12993,209,1991,695,773,7,885,30,73000.0,0.0,0.0,0.528,0.011,0.02,0.0
68,247,09262,DE222,BAYERN,Kreisfreie Stadt,Passau,52415.0,69.56,59.0,29824.0,17526,9407,104,2095,711,684,8,766,32,52000.0,0.0011,888.0,0.569,0.013,0.023,11.59
69,248,09263,DE223,BAYERN,Kreisfreie Stadt,Straubing,47612.0,67.59,0.0,28134.0,16890,9108,147,1403,536,584,2,661,24,48000.0,0.0,0.0,0.591,0.012,0.021,0.0
70,249,09271,DE224,BAYERN,Landkreis,Deggendorf,119479.0,861.14,72.0,80877.0,45711,29954,440,3183,1095,1585,4,1800,48,119000.0,0.0006,1659.0,0.677,0.013,0.02,22.01
71,250,09272,DE225,BAYERN,Landkreis,Freyung-Grafenau,78355.0,983.86,66.0,54298.0,30938,20039,190,2280,756,846,5,991,36,78000.0,0.0008,1187.0,0.693,0.011,0.016,12.82
72,251,09273,DE226,BAYERN,Landkreis,Kelheim,123390.0,1065.12,53.0,83072.0,46083,31834,551,2821,932,1769,14,2051,66,123000.0,0.0004,2328.0,0.673,0.014,0.021,33.38
73,252,09274,DE227,BAYERN,Landkreis,Landshut,161191.0,1347.55,174.0,112861.0,61267,43663,658,4602,1659,2627,44,3082,138,161000.0,0.0011,926.0,0.7,0.016,0.023,15.1
74,253,09275,DE228,BAYERN,Landkreis,Passau,193454.0,1530.07,148.0,133011.0,80353,43913,457,5445,1894,2807,36,3195,92,193000.0,0.0008,1307.0,0.688,0.015,0.021,18.97
75,254,09276,DE229,BAYERN,Landkreis,Regen,77313.0,974.78,60.0,51372.0,29357,18719,209,2227,689,855,5,1012,41,77000.0,0.0008,1289.0,0.664,0.011,0.017,14.25
76,255,09277,DE22A,BAYERN,Landkreis,Rottal-Inn,121800.0,1281.2,53.0,85742.0,49119,31463,424,3103,994,1613,20,1928,85,122000.0,0.0004,2298.0,0.704,0.013,0.019,30.43
77,256,09278,DE22B,BAYERN,Landkreis,Straubing-Bogen,101745.0,1201.63,89.0,71196.0,40779,26314,395,2306,693,1395,7,1608,57,102000.0,0.0009,1143.0,0.7,0.014,0.02,15.67
78,257,09279,DE22C,BAYERN,Landkreis,Dingolfing-Landau,97244.0,877.57,281.0,71368.0,38413,27747,380,3295,903,1529,4,1877,73,97000.0,0.0029,346.0,0.734,0.016,0.021,5.44
79,258,09361,DE231,BAYERN,Kreisfreie Stadt,Amberg,42052.0,50.13,0.0,25238.0,15801,7394,101,1355,486,582,5,660,19,42000.0,0.0,0.0,0.6,0.014,0.023,0.0
80,259,09362,DE232,BAYERN,Kreisfreie Stadt,Regensburg,152270.0,80.86,0.0,81957.0,47401,26236,496,5708,2190,2091,25,2365,96,152000.0,0.0,0.0,0.538,0.014,0.026,0.0
81,260,09363,DE233,BAYERN,Kreisfreie Stadt,Weiden i.d. OPf.,42535.0,70.57,0.0,26423.0,16382,8095,152,1328,552,456,10,527,14,43000.0,0.0,0.0,0.621,0.011,0.017,0.0
82,261,09371,DE234,BAYERN,Landkreis,Amberg-Sulzbach,102998.0,1255.84,59.0,72020.0,42994,24489,346,2412,946,1769,10,2021,66,103000.0,0.0006,1746.0,0.699,0.017,0.025,29.98
83,262,09372,DE235,BAYERN,Landkreis,Cham,128094.0,1526.81,52.0,91350.0,53336,32784,621,2878,960,1713,18,2048,64,128000.0,0.0004,2463.0,0.713,0.013,0.019,32.94
84,263,09373,DE236,BAYERN,Landkreis,Neumarkt i.d. OPf.,135225.0,1343.94,95.0,91940.0,53214,32753,452,3514,1334,2000,7,2392,103,135000.0,0.0007,1423.0,0.68,0.015,0.022,21.05
85,264,09374,DE237,BAYERN,Landkreis,Neustadt a.d. Waldnaab,94645.0,1427.67,47.0,66264.0,39495,22936,364,2286,874,1172,11,1408,69,95000.0,0.0005,2014.0,0.7,0.012,0.018,24.94
86,265,09375,DE238,BAYERN,Landkreis,Regensburg,194275.0,1391.68,473.0,130134.0,77575,43459,907,5239,1758,2930,24,3307,107,194000.0,0.0024,411.0,0.67,0.015,0.023,6.19
87,266,09376,DE239,BAYERN,Landkreis,Schwandorf,148477.0,1458.35,104.0,103363.0,59144,38167,671,3675,1257,1696,10,2068,96,148000.0,0.0007,1428.0,0.696,0.011,0.016,16.31
88,267,09377,DE23A,BAYERN,Landkreis,Tirschenreuth,71696.0,1084.24,32.0,49392.0,30429,16269,208,1750,703,727,9,871,27,72000.0,0.0004,2240.0,0.689,0.01,0.015,22.72
89,268,09461,DE241,BAYERN,Kreisfreie Stadt,Bamberg,76674.0,54.62,0.0,41233.0,24784,13180,330,1949,695,979,11,1113,37,77000.0,0.0,0.0,0.538,0.013,0.024,0.0
90,269,09462,DE242,BAYERN,Kreisfreie Stadt,Bayreuth,74048.0,66.89,0.0,41831.0,25463,12269,200,2530,1057,1362,7,1483,36,74000.0,0.0,0.0,0.565,0.018,0.033,0.0
91,270,09463,DE243,BAYERN,Kreisfreie Stadt,Coburg,40842.0,48.29,0.0,25167.0,15710,7352,151,1361,504,586,7,679,15,41000.0,0.0,0.0,0.616,0.014,0.023,0.0
92,271,09464,DE244,BAYERN,Kreisfreie Stadt,Hof,45173.0,58.02,0.0,26169.0,17557,6452,115,1565,722,474,6,542,21,45000.0,0.0,0.0,0.579,0.01,0.018,0.0
93,272,09471,DE245,BAYERN,Landkreis,Bamberg,147497.0,1167.78,116.0,103384.0,62693,35181,581,2988,1207,1926,15,2299,100,147000.0,0.0008,1272.0,0.701,0.013,0.019,16.6
94,273,09472,DE246,BAYERN,Landkreis,Bayreuth,103679.0,1273.65,66.0,72388.0,44761,23599,372,2370,836,1274,12,1551,69,104000.0,0.0006,1571.0,0.698,0.012,0.018,19.3
95,274,09473,DE247,BAYERN,Landkreis,Coburg,86571.0,590.41,62.0,59883.0,39263,16886,414,2167,868,1145,8,1336,39,87000.0,0.0007,1396.0,0.692,0.013,0.019,18.47
96,275,09474,DE248,BAYERN,Landkreis,Forchheim,116600.0,642.8,76.0,79114.0,49355,24921,409,2776,1031,1634,19,1956,80,117000.0,0.0007,1534.0,0.679,0.014,0.021,21.5
97,276,09475,DE249,BAYERN,Landkreis,Hof,94522.0,892.54,53.0,64389.0,41793,18678,396,2495,928,1018,9,1245,59,95000.0,0.0006,1783.0,0.681,0.011,0.016,19.21
98,277,09476,DE24A,BAYERN,Landkreis,Kronach,66355.0,651.5,36.0,45997.0,29657,13874,229,1530,523,695,12,861,32,66000.0,0.0005,1843.0,0.693,0.01,0.015,19.31
99,278,09477,DE24B,BAYERN,Landkreis,Kulmbach,71428.0,658.32,44.0,50426.0,31373,15757,315,2089,610,884,8,1052,48,71000.0,0.0006,1623.0,0.706,0.012,0.018,20.09
100,279,09478,DE24C,BAYERN,Landkreis,Lichtenfels,66722.0,519.92,26.0,45354.0,28852,14173,216,1403,498,697,13,846,29,67000.0,0.0004,2566.0,0.68,0.01,0.015,26.81
101,280,09479,DE24D,BAYERN,Landkreis,Wunsiedel i. Fichtelgebirge,71974.0,606.36,48.0,47352.0,30776,13663,252,1898,648,749,14,912,41,72000.0,0.0007,1499.0,0.658,0.01,0.016,15.6
102,281,09561,DE251,BAYERN,Kreisfreie Stadt,Ansbach,41681.0,99.91,0.0,25773.0,15606,8148,204,1304,457,509,2,575,29,42000.0,0.0,0.0,0.618,0.012,0.02,0.0
103,282,09562,DE252,BAYERN,Kreisfreie Stadt,Erlangen,112385.0,76.96,57.0,56078.0,34438,17090,320,2938,1184,1276,16,1405,46,112000.0,0.0005,1972.0,0.499,0.011,0.023,22.39
104,283,09563,DE253,BAYERN,Kreisfreie Stadt,Fürth,128223.0,63.35,108.0,64384.0,40942,18492,352,3314,1073,1271,13,1420,43,128000.0,0.0008,1187.0,0.502,0.01,0.02,11.77
105,284,09564,DE254,BAYERN,Kreisfreie Stadt,Nürnberg,515543.0,186.44,269.0,247839.0,150358,76563,1253,14860,4960,4760,45,5544,266,516000.0,0.0005,1917.0,0.481,0.009,0.019,17.7
106,285,09565,DE255,BAYERN,Kreisfreie Stadt,Schwabach,41056.0,40.8,7.0,26576.0,16787,7383,100,1641,593,659,6,823,43,41000.0,0.0002,5865.0,0.647,0.016,0.025,94.14
107,286,09571,DE256,BAYERN,Landkreis,Ansbach,185316.0,1971.3,155.0,128851.0,75820,45809,874,3808,1531,2517,23,3085,140,185000.0,0.0008,1196.0,0.695,0.014,0.02,16.24
108,287,09572,DE257,BAYERN,Landkreis,Erlangen-Höchstadt,138105.0,564.52,78.0,93819.0,56685,29295,472,4688,2295,2645,34,2974,109,138000.0,0.0006,1771.0,0.679,0.019,0.028,33.91
109,288,09573,DE258,BAYERN,Landkreis,Fürth,118695.0,307.43,55.0,78175.0,51274,21757,344,3119,1118,1667,14,1927,75,119000.0,0.0005,2158.0,0.659,0.014,0.021,30.31
110,289,09574,DE259,BAYERN,Landkreis,Nürnberger Land,171143.0,799.52,91.0,112884.0,70520,34217,506,5140,1774,2490,11,2926,136,171000.0,0.0005,1881.0,0.66,0.015,0.022,27.36
111,290,09575,DE25A,BAYERN,Landkreis,Neustadt a.d. Aisch-Bad Windsheim,101272.0,1267.44,80.0,69741.0,39981,25525,431,2187,894,1600,17,1915,82,101000.0,0.0008,1266.0,0.689,0.016,0.023,20.0
112,291,09576,DE25B,BAYERN,Landkreis,Roth,127168.0,895.15,72.0,88601.0,52942,29750,382,3732,1353,1783,12,2122,91,127000.0,0.0006,1766.0,0.697,0.014,0.02,24.76
113,292,09577,DE25C,BAYERN,Landkreis,Weißenburg-Gunzenhausen,95117.0,970.78,39.0,64239.0,37912,22312,436,2140,888,1428,11,1722,91,95000.0,0.0004,2439.0,0.675,0.015,0.022,36.62
114,293,09661,DE261,BAYERN,Kreisfreie Stadt,Aschaffenburg,70858.0,62.45,18.0,43586.0,27105,12378,363,2666,1347,1066,8,1195,39,71000.0,0.0003,3937.0,0.615,0.015,0.024,59.22
115,294,09662,DE262,BAYERN,Kreisfreie Stadt,Schweinfurt,53319.0,35.7,0.0,29714.0,16952,9917,272,1957,966,612,4,694,26,53000.0,0.0,0.0,0.557,0.011,0.021,0.0
116,295,09663,DE263,BAYERN,Kreisfreie Stadt,Würzburg,126954.0,87.6,0.0,64161.0,38283,19817,668,3759,1468,1617,17,1938,68,127000.0,0.0,0.0,0.505,0.013,0.025,0.0
117,296,09671,DE264,BAYERN,Landkreis,Aschaffenburg,174658.0,698.91,85.0,119370.0,74619,35895,900,5237,2234,2698,21,3100,95,175000.0,0.0005,2055.0,0.683,0.015,0.023,31.74
118,297,09672,DE265,BAYERN,Landkreis,Bad Kissingen,103169.0,1136.91,32.0,71888.0,40889,26973,559,1990,757,1465,12,1734,109,103000.0,0.0003,3224.0,0.697,0.014,0.02,45.78
119,298,09673,DE266,BAYERN,Landkreis,Rhön-Grabfeld,79510.0,1021.69,44.0,56328.0,29731,22306,437,1669,642,2172,13,2361,64,80000.0,0.0006,1807.0,0.708,0.027,0.039,49.36
120,299,09674,DE267,BAYERN,Landkreis,Haßberge,84275.0,956.19,29.0,59661.0,32359,24013,548,1471,652,1257,13,1479,77,84000.0,0.0003,2906.0,0.708,0.015,0.021,43.34
121,300,09675,DE268,BAYERN,Landkreis,Kitzingen,91696.0,684.16,84.0,62867.0,37036,21651,492,2283,808,1396,9,1639,79,92000.0,0.0009,1092.0,0.686,0.015,0.022,16.62
122,301,09676,DE269,BAYERN,Landkreis,Miltenberg,128743.0,715.55,20.0,87826.0,52679,29080,576,4090,1559,1386,15,1646,88,129000.0,0.0002,6437.0,0.682,0.011,0.016,69.3
123,302,09677,DE26A,BAYERN,Landkreis,Main-Spessart,125976.0,1321.19,51.0,86795.0,51151,30041,728,3169,1311,1688,18,1937,77,126000.0,0.0004,2470.0,0.689,0.013,0.019,33.1
124,303,09678,DE26B,BAYERN,Landkreis,Schweinfurt,115652.0,841.4,138.0,79215.0,46991,27213,720,2520,963,1749,22,2052,106,116000.0,0.0012,838.0,0.685,0.015,0.022,12.67
125,304,09679,DE26C,BAYERN,Landkreis,Würzburg,162697.0,968.32,119.0,108276.0,65976,34100,1095,4350,1674,2734,21,3123,147,163000.0,0.0007,1367.0,0.666,0.017,0.025,22.97
126,305,09761,DE271,BAYERN,Kreisfreie Stadt,Augsburg,295830.0,146.85,142.0,140537.0,88070,40194,1395,8482,2956,2365,31,2775,139,296000.0,0.0005,2083.0,0.475,0.008,0.017,16.65
127,306,09762,DE272,BAYERN,Kreisfreie Stadt,Kaufbeuren,44662.0,40.02,0.0,26105.0,16534,7707,194,1180,356,487,3,558,20,45000.0,0.0,0.0,0.585,0.011,0.019,0.0
128,307,09763,DE273,BAYERN,Kreisfreie Stadt,Kempten (Allgäu),68940.0,63.28,0.0,40155.0,23740,13027,242,2178,757,963,5,1119,61,69000.0,0.0,0.0,0.582,0.014,0.024,0.0
129,308,09764,DE274,BAYERN,Kreisfreie Stadt,Memmingen,44360.0,70.11,27.0,27423.0,16389,9074,152,1286,493,520,2,592,15,44000.0,0.0006,1643.0,0.618,0.012,0.019,19.26
130,309,09771,DE275,BAYERN,Landkreis,Aichach-Friedberg,135024.0,780.23,71.0,89593.0,54622,28656,627,3662,1316,2014,12,2299,75,135000.0,0.0005,1902.0,0.664,0.015,0.022,28.37
131,310,09772,DE276,BAYERN,Landkreis,Augsburg,255900.0,1070.66,132.0,170856.0,107450,50349,1115,8245,2989,3673,24,4240,179,256000.0,0.0005,1939.0,0.668,0.014,0.021,27.83
132,311,09773,DE277,BAYERN,Landkreis,Dillingen a.d. Donau,97172.0,792.23,32.0,67648.0,40938,22592,409,2539,828,1155,15,1334,45,97000.0,0.0003,3037.0,0.696,0.012,0.017,36.09
133,312,09774,DE278,BAYERN,Landkreis,Günzburg,127342.0,762.43,62.0,87338.0,51484,30486,440,3256,1299,1659,13,1995,84,127000.0,0.0005,2054.0,0.686,0.013,0.019,26.76
134,313,09775,DE279,BAYERN,Landkreis,Neu-Ulm,175823.0,515.84,107.0,113189.0,71064,34796,682,4581,1732,2045,21,2338,90,176000.0,0.0006,1643.0,0.644,0.012,0.018,19.11
135,314,09776,DE27A,BAYERN,Landkreis,Lindau (Bodensee),82085.0,323.38,52.0,53868.0,32973,17441,269,2010,737,1170,5,1374,68,82000.0,0.0006,1579.0,0.656,0.014,0.022,22.5
136,315,09777,DE27B,BAYERN,Landkreis,Ostallgäu,141907.0,1394.43,103.0,95667.0,57269,32142,683,3407,1203,2151,15,2623,157,142000.0,0.0007,1378.0,0.674,0.015,0.022,20.88
137,316,09778,DE27C,BAYERN,Landkreis,Unterallgäu,146164.0,1229.53,89.0,102745.0,61502,35639,625,3119,1068,1841,19,2302,122,146000.0,0.0006,1642.0,0.703,0.013,0.018,20.69
138,317,09779,DE27D,BAYERN,Landkreis,Donau-Ries,134324.0,1274.57,80.0,94656.0,55113,33069,573,4081,1445,1809,11,2131,114,134000.0,0.0006,1679.0,0.705,0.013,0.019,22.61
139,318,09780,DE27E,BAYERN,Landkreis,Oberallgäu,156308.0,1527.97,157.0,104550.0,62275,35787,509,3816,1369,2149,14,2736,212,156000.0,0.001,996.0,0.669,0.014,0.021,13.69
140,325,11000,DE300,BERLIN                    ,Kreisfreie Stadt,Berlin,3664088.0,891.12,1252.0,1242504.0,853063,266525,13488,84041,25744,24934,453,28092,945,3664000.0,0.0003,2927.0,0.339,0.007,0.02,19.92
141,326,12051,DE401,BRANDENBURG,Kreisfreie Stadt,Brandenburg an der Havel,72040.0,229.72,30.0,34961.0,24297,8328,215,1596,465,514,11,607,28,72000.0,0.0004,2401.0,0.485,0.007,0.015,17.13
142,327,12052,DE402,BRANDENBURG,Kreisfreie Stadt,Cottbus,98693.0,165.62,0.0,48656.0,34430,11220,314,2207,589,468,17,596,33,99000.0,0.0,0.0,0.493,0.005,0.01,0.0
143,328,12053,DE403,BRANDENBURG,Kreisfreie Stadt,Frankfurt (Oder),57015.0,147.85,19.0,28185.0,20420,6051,288,1179,298,232,15,340,14,57000.0,0.0003,3001.0,0.494,0.004,0.008,12.21
144,329,12054,DE404,BRANDENBURG,Kreisfreie Stadt,Potsdam,182112.0,188.24,48.0,77158.0,51343,19564,757,4075,1430,1388,31,1566,71,182000.0,0.0003,3794.0,0.424,0.008,0.018,28.92
145,330,12060,DE405,BRANDENBURG,Landkreis,Barnim,187343.0,1479.59,73.0,109586.0,74035,28154,1209,4425,1328,1733,30,2065,84,187000.0,0.0004,2566.0,0.585,0.009,0.016,23.74
146,331,12061,DE406,BRANDENBURG,Landkreis,Dahme-Spreewald,173316.0,2274.52,75.0,108011.0,69887,30411,1211,4829,1407,1638,35,1916,63,173000.0,0.0004,2311.0,0.623,0.009,0.015,21.84
147,332,12062,DE407,BRANDENBURG,Landkreis,Elbe-Elster,101085.0,1899.18,26.0,63440.0,41888,18686,542,1829,414,461,34,669,44,101000.0,0.0003,3888.0,0.628,0.005,0.007,17.73
148,333,12063,DE408,BRANDENBURG,Landkreis,Havelland,164693.0,1727.32,38.0,96907.0,64166,25885,857,4176,1229,1792,31,2060,66,165000.0,0.0002,4334.0,0.588,0.011,0.018,47.16
149,334,12064,DE409,BRANDENBURG,Landkreis,Märkisch-Oderland,197195.0,2158.65,38.0,120407.0,81177,31584,1266,4790,1312,1543,47,2202,128,197000.0,0.0002,5189.0,0.611,0.008,0.013,40.61
150,335,12065,DE40A,BRANDENBURG,Landkreis,Oberhavel,214234.0,1808.18,69.0,125830.0,84755,32166,1415,5335,1703,2122,37,2507,89,214000.0,0.0003,3105.0,0.587,0.01,0.017,30.75
151,336,12066,DE40B,BRANDENBURG,Landkreis,Oberspreewald-Lausitz,108396.0,1223.47,34.0,65329.0,43718,18669,475,2013,430,425,29,620,43,108000.0,0.0003,3188.0,0.603,0.004,0.007,12.5
152,337,12067,DE40C,BRANDENBURG,Landkreis,Oder-Spree,179276.0,2256.75,58.0,109195.0,73269,29842,1047,3728,1067,1283,26,1696,95,179000.0,0.0003,3091.0,0.609,0.007,0.012,22.12
153,338,12068,DE40D,BRANDENBURG,Landkreis,Ostprignitz-Ruppin,98808.0,2526.49,59.0,59072.0,37454,18903,576,1572,534,545,22,781,60,99000.0,0.0006,1675.0,0.598,0.006,0.009,9.24
154,339,12069,DE40E,BRANDENBURG,Landkreis,Potsdam-Mittelmark,217954.0,2592.04,99.0,132024.0,83817,39325,1147,5117,1774,2584,34,2929,96,218000.0,0.0005,2202.0,0.606,0.012,0.02,26.1
155,340,12070,DE40F,BRANDENBURG,Landkreis,Prignitz,76096.0,2138.53,19.0,46608.0,29120,14874,333,1883,864,385,13,541,44,76000.0,0.0002,4005.0,0.612,0.005,0.008,20.26
156,341,12071,DE40G,BRANDENBURG,Landkreis,Spree-Neiße,113011.0,1656.98,57.0,71075.0,49215,18875,475,1946,543,541,23,879,54,113000.0,0.0005,1983.0,0.629,0.005,0.008,9.49
157,342,12072,DE40H,BRANDENBURG,Landkreis,Teltow-Fläming,171554.0,2104.2,66.0,107428.0,69661,30588,1100,4364,1396,1692,23,1984,81,172000.0,0.0004,2599.0,0.626,0.01,0.016,25.64
158,343,12073,DE40I,BRANDENBURG,Landkreis,Uckermark,118250.0,3077.03,59.0,68453.0,46335,18823,540,2124,484,605,26,782,44,118000.0,0.0005,2004.0,0.579,0.005,0.009,10.25
159,62,04011,DE501,BREMEN,Kreisfreie Stadt,Bremen,566573.0,318.21,248.0,247326.0,155751,71990,2330,12944,4894,4268,43,5145,368,567000.0,0.0004,2285.0,0.437,0.008,0.017,17.21
160,63,04012,DE502,BREMEN,Kreisfreie Stadt,Bremerhaven,113557.0,101.41,37.0,51997.0,33598,14735,495,2386,687,770,13,882,33,114000.0,0.0003,3069.0,0.458,0.007,0.015,20.81
161,16,02000,DE600,HAMBURG                     ,Kreisfreie Stadt,Hamburg,1852478.0,755.09,1019.0,813644.0,500084,228369,5064,59346,24091,20585,196,24023,1463,1852000.0,0.0006,1818.0,0.439,0.011,0.025,20.2
162,117,06411,DE711,HESSEN,Kreisfreie Stadt,Darmstadt,159174.0,122.07,87.0,73020.0,45736,19942,650,4785,1968,1887,20,2064,57,159000.0,0.0005,1830.0,0.459,0.012,0.026,21.69
163,118,06412,DE712,HESSEN,Kreisfreie Stadt,Frankfurt am Main,764104.0,248.31,222.0,347638.0,194816,102866,2076,34515,16480,13290,75,14347,175,764000.0,0.0003,3442.0,0.455,0.017,0.038,59.86
164,119,06413,DE713,HESSEN,Kreisfreie Stadt,Offenbach am Main,130892.0,44.88,22.0,59192.0,35204,18435,456,3756,1324,1130,211,1455,33,131000.0,0.0002,5950.0,0.452,0.009,0.019,51.36
165,120,06414,DE714,HESSEN,Kreisfreie Stadt,Wiesbaden,278609.0,203.87,117.0,213111.0,121700,48187,1196,25296,14570,16705,27,16998,63,279000.0,0.0004,2381.0,0.765,0.06,0.078,142.78
166,121,06431,DE715,HESSEN,Landkreis,Bergstraße,271015.0,719.49,130.0,176662.0,113923,49198,1330,8563,3118,3612,36,4078,131,271000.0,0.0005,2085.0,0.652,0.013,0.02,27.78
167,122,06432,DE716,HESSEN,Landkreis,Darmstadt-Dieburg,297701.0,658.61,176.0,189974.0,125233,49272,1807,9431,3131,4199,32,4815,169,298000.0,0.0006,1691.0,0.638,0.014,0.022,23.86
168,123,06433,DE717,HESSEN,Landkreis,Groß-Gerau,275807.0,453.03,499.0,157450.0,102290,43397,1368,7667,3193,2703,25,3260,131,276000.0,0.0018,553.0,0.571,0.01,0.017,5.42
169,124,06434,DE718,HESSEN,Landkreis,Hochtaunuskreis,237281.0,481.84,84.0,164009.0,102312,44381,893,12420,4192,3946,57,4371,91,237000.0,0.0004,2825.0,0.691,0.017,0.024,46.98
170,125,06435,DE719,HESSEN,Landkreis,Main-Kinzig-Kreis,421689.0,1397.33,197.0,263855.0,167610,77150,1868,12611,3804,4572,44,5424,228,422000.0,0.0005,2141.0,0.626,0.011,0.017,23.21
171,126,06436,DE71A,HESSEN,Landkreis,Main-Taunus-Kreis,239264.0,222.52,94.0,186323.0,115055,48765,839,18343,4348,3295,26,3674,85,239000.0,0.0004,2545.0,0.779,0.014,0.018,35.05
172,127,06437,DE71B,HESSEN,Landkreis,Odenwaldkreis,96754.0,623.99,51.0,63454.0,40937,18023,562,2835,920,1093,4,1259,49,97000.0,0.0005,1897.0,0.656,0.011,0.017,21.43
173,128,06438,DE71C,HESSEN,Landkreis,Offenbach,356542.0,356.23,198.0,219548.0,142215,59490,1509,12422,4035,3877,35,4413,133,357000.0,0.0006,1801.0,0.616,0.011,0.018,19.58
174,129,06439,DE71D,HESSEN,Landkreis,Rheingau-Taunus-Kreis,187433.0,811.42,75.0,123491.0,80489,33347,958,5848,2203,2817,32,3182,100,187000.0,0.0004,2499.0,0.659,0.015,0.023,37.56
175,130,06440,DE71E,HESSEN,Landkreis,Wetteraukreis,310353.0,1100.69,136.0,196850.0,125571,56277,1296,9787,3671,3891,28,4414,146,310000.0,0.0004,2282.0,0.634,0.013,0.02,28.61
176,131,06531,DE721,HESSEN,Landkreis,Gießen,271667.0,854.56,88.0,157470.0,97779,47730,1430,7242,2766,3236,53,3527,78,272000.0,0.0003,3087.0,0.58,0.012,0.021,36.77
177,132,06532,DE722,HESSEN,Landkreis,Lahn-Dill-Kreis,253373.0,1066.3,84.0,166111.0,104466,50521,1190,6951,2685,2949,34,3441,142,253000.0,0.0003,3016.0,0.656,0.012,0.018,35.11
178,133,06533,DE723,HESSEN,Landkreis,Limburg-Weilburg,172291.0,738.44,113.0,114462.0,71843,33943,1099,5094,1940,2455,28,2791,78,172000.0,0.0007,1525.0,0.664,0.014,0.021,21.73
179,134,06534,DE724,HESSEN,Landkreis,Marburg-Biedenkopf,245903.0,1262.37,79.0,145515.0,94156,42666,1097,4836,1535,2744,16,3154,114,246000.0,0.0003,3113.0,0.592,0.011,0.019,34.73
180,135,06535,DE725,HESSEN,Landkreis,Vogelsbergkreis,105506.0,1458.91,59.0,73113.0,45211,23682,518,2487,842,1198,17,1412,76,106000.0,0.0006,1788.0,0.693,0.011,0.016,20.31
181,136,06611,DE731,HESSEN,Kreisfreie Stadt,Kassel,201048.0,106.8,111.0,91211.0,56427,27001,885,4714,2039,2169,15,2424,105,201000.0,0.0006,1811.0,0.454,0.011,0.024,19.54
182,137,06631,DE732,HESSEN,Landkreis,Fulda,223023.0,1380.42,125.0,146398.0,88140,48264,1008,5644,2054,3314,28,3754,125,223000.0,0.0006,1784.0,0.656,0.015,0.023,26.51
183,138,06632,DE733,HESSEN,Landkreis,Hersfeld-Rotenburg,120304.0,1097.75,41.0,80464.0,49380,26948,711,2181,893,1226,18,1509,87,120000.0,0.0003,2934.0,0.669,0.01,0.015,29.9
184,139,06633,DE734,HESSEN,Landkreis,Kassel,237007.0,1293.32,161.0,152947.0,98909,42539,1432,6136,2404,3903,28,4298,131,237000.0,0.0007,1472.0,0.645,0.016,0.026,24.24
185,140,06634,DE735,HESSEN,Landkreis,Schwalm-Eder-Kreis,179840.0,1539.0,58.0,121179.0,75808,37156,1329,4212,1370,2656,18,3004,101,180000.0,0.0003,3101.0,0.674,0.015,0.022,45.79
186,141,06635,DE736,HESSEN,Landkreis,Waldeck-Frankenberg,156528.0,1848.7,71.0,106784.0,66107,34054,1095,3357,1131,2157,14,2634,138,157000.0,0.0005,2205.0,0.682,0.014,0.02,30.38
187,142,06636,DE737,HESSEN,Landkreis,Werra-Meißner-Kreis,100046.0,1024.84,37.0,63485.0,39438,20513,634,1798,707,1088,14,1284,71,100000.0,0.0004,2704.0,0.635,0.011,0.017,29.41
188,344,13003,DE803,MECKLENBURG-VORPOMMERN,Kreisfreie Stadt,Rostock,209061.0,181.36,59.0,86347.0,57437,23314,605,3811,964,1139,41,1341,75,209000.0,0.0003,3543.0,0.413,0.005,0.013,19.31
189,345,13004,DE804,MECKLENBURG-VORPOMMERN,Kreisfreie Stadt,Schwerin,95609.0,130.52,32.0,44642.0,28741,12961,348,2062,551,513,17,599,23,96000.0,0.0003,2988.0,0.467,0.005,0.011,16.03
190,346,13071,DE80J,MECKLENBURG-VORPOMMERN,Landkreis,Mecklenburgische Seenplatte,258057.0,5495.59,57.0,146410.0,91879,47732,908,4762,1231,1088,41,1638,142,258000.0,0.0002,4527.0,0.567,0.004,0.007,19.09
191,347,13072,DE80K,MECKLENBURG-VORPOMMERN,Landkreis,Rostock,217072.0,3431.22,67.0,129161.0,77401,44977,788,4439,1254,1510,46,2147,133,217000.0,0.0003,3240.0,0.595,0.007,0.012,22.54
192,348,13073,DE80L,MECKLENBURG-VORPOMMERN,Landkreis,Vorpommern-Rügen,225383.0,3216.19,50.0,126076.0,79234,40599,770,4172,1080,1266,35,1702,111,225000.0,0.0002,4508.0,0.559,0.006,0.01,25.32
193,349,13074,DE80M,MECKLENBURG-VORPOMMERN,Landkreis,Nordwestmecklenburg,157975.0,2127.06,53.0,92201.0,56813,30903,799,2574,726,1092,20,1466,83,158000.0,0.0003,2981.0,0.584,0.007,0.012,20.6
194,350,13075,DE80N,MECKLENBURG-VORPOMMERN,Landkreis,Vorpommern-Greifswald,235773.0,3945.64,54.0,127202.0,82620,38457,801,4143,906,1143,38,1636,109,236000.0,0.0002,4366.0,0.54,0.005,0.009,21.17
195,351,13076,DE80O,MECKLENBURG-VORPOMMERN,Landkreis,Ludwigslust-Parchim,211844.0,4766.76,70.0,129362.0,78123,45880,1047,3209,809,1055,48,1631,126,212000.0,0.0003,3026.0,0.611,0.005,0.008,15.07
196,17,03101,DE911,NIEDERSACHSEN,Kreisfreie Stadt,Braunschweig,248561.0,192.7,102.0,149301.0,87791,45171,1176,7759,3191,7377,27,9666,546,249000.0,0.0004,2437.0,0.601,0.03,0.049,72.32
197,18,03102,DE912,NIEDERSACHSEN,Kreisfreie Stadt,Salzgitter,103866.0,224.49,79.0,56502.0,35793,17748,653,1550,504,753,5,938,60,104000.0,0.0008,1315.0,0.544,0.007,0.013,9.53
198,19,03103,DE913,NIEDERSACHSEN,Kreisfreie Stadt,Wolfsburg,123840.0,204.61,422.0,121579.0,73307,34771,498,8230,4871,4766,7,5086,87,124000.0,0.0034,293.0,0.982,0.038,0.039,11.29
199,20,03151,DE914,NIEDERSACHSEN,Landkreis,Gifhorn,177227.0,1567.59,65.0,111115.0,64952,39314,902,3069,1242,2864,14,3108,82,177000.0,0.0004,2727.0,0.627,0.016,0.026,44.06
200,21,03153,DE916,NIEDERSACHSEN,Landkreis,Goslar,134688.0,966.73,50.0,80947.0,51554,24427,681,2978,1026,1293,14,1539,78,135000.0,0.0004,2694.0,0.601,0.01,0.016,25.86
201,22,03154,DE917,NIEDERSACHSEN,Landkreis,Helmstedt,91518.0,676.11,34.0,57120.0,35215,18612,529,1485,659,1272,7,1443,54,92000.0,0.0004,2692.0,0.624,0.014,0.022,37.41
202,23,03155,DE918,NIEDERSACHSEN,Landkreis,Northeim,131772.0,1268.76,58.0,89362.0,56475,27547,719,2873,1061,1723,25,2161,151,132000.0,0.0004,2272.0,0.678,0.013,0.019,29.71
203,24,03157,DE91A,NIEDERSACHSEN,Landkreis,Peine,135844.0,536.5,41.0,86831.0,55410,26302,957,2251,953,1900,11,2132,74,136000.0,0.0003,3313.0,0.639,0.014,0.022,46.34
204,25,03158,DE91B,NIEDERSACHSEN,Landkreis,Wolfenbüttel,119361.0,724.29,30.0,76307.0,48892,22682,769,2250,835,1701,13,1976,88,119000.0,0.0003,3979.0,0.639,0.014,0.022,56.7
205,26,03159,DE91C,NIEDERSACHSEN,Landkreis,Göttingen,323900.0,1755.39,136.0,186011.0,117794,55776,1542,7118,2628,3754,27,4633,343,324000.0,0.0004,2382.0,0.574,0.012,0.02,27.6
206,27,03241,DE929,NIEDERSACHSEN,Landkreis,Region Hannover,1155330.0,2297.13,763.0,595382.0,380914,169156,5516,26926,10432,12734,136,14528,624,1155000.0,0.0007,1514.0,0.515,0.011,0.021,16.69
207,28,03251,DE922,NIEDERSACHSEN,Landkreis,Diepholz,218072.0,1991.0,68.0,144969.0,88773,46339,1348,5508,2031,2971,30,3446,178,218000.0,0.0003,3207.0,0.665,0.014,0.02,43.69
208,29,03252,DE923,NIEDERSACHSEN,Landkreis,Hameln-Pyrmont,148580.0,797.52,46.0,93961.0,62081,26177,858,3098,1092,1726,21,2278,207,149000.0,0.0003,3230.0,0.632,0.012,0.018,37.52
209,30,03254,DE925,NIEDERSACHSEN,Landkreis,Hildesheim,275464.0,1208.35,84.0,163581.0,107256,46086,1358,5735,2184,3117,29,3582,155,275000.0,0.0003,3279.0,0.594,0.011,0.019,37.11
210,31,03255,DE926,NIEDERSACHSEN,Landkreis,Holzminden,70207.0,694.27,22.0,45584.0,29787,13316,450,1332,578,690,9,1059,101,70000.0,0.0003,3191.0,0.649,0.01,0.015,31.36
211,32,03256,DE927,NIEDERSACHSEN,Landkreis,Nienburg (Weser),121645.0,1400.81,94.0,79539.0,47808,26520,952,2737,877,1511,11,1825,137,122000.0,0.0008,1294.0,0.654,0.012,0.019,16.07
212,33,03257,DE928,NIEDERSACHSEN,Landkreis,Schaumburg,158406.0,675.68,90.0,104081.0,67874,29419,1095,3518,1183,2154,21,2456,107,158000.0,0.0006,1760.0,0.657,0.014,0.021,23.93
213,34,03351,DE931,NIEDERSACHSEN,Landkreis,Celle,179386.0,1550.82,60.0,112327.0,68550,36918,937,3909,1640,1996,17,2380,142,179000.0,0.0003,2990.0,0.626,0.011,0.018,33.27
214,35,03352,DE932,NIEDERSACHSEN,Landkreis,Cuxhaven,198826.0,2058.96,50.0,128299.0,78017,42917,1337,4131,1311,1868,29,2314,170,199000.0,0.0003,3977.0,0.645,0.009,0.015,37.36
215,36,03353,DE933,NIEDERSACHSEN,Landkreis,Harburg,256016.0,1248.44,89.0,170824.0,102799,55321,1372,7684,2762,3606,42,4241,262,256000.0,0.0003,2877.0,0.667,0.014,0.021,40.52
216,37,03354,DE934,NIEDERSACHSEN,Landkreis,Lüchow-Dannenberg,48503.0,1227.35,19.0,31531.0,17774,11835,623,753,338,543,3,696,72,49000.0,0.0004,2553.0,0.65,0.011,0.017,28.58
217,38,03355,DE935,NIEDERSACHSEN,Landkreis,Lüneburg,184235.0,1327.81,63.0,107484.0,65071,35215,822,3955,1680,2404,17,2832,178,184000.0,0.0003,2924.0,0.583,0.013,0.022,38.16
218,39,03356,DE936,NIEDERSACHSEN,Landkreis,Osterholz,114640.0,652.67,47.0,74478.0,47163,22819,836,2181,891,1465,14,1664,70,115000.0,0.0004,2439.0,0.65,0.013,0.02,31.17
219,40,03357,DE937,NIEDERSACHSEN,Landkreis,Rotenburg (Wümme),164486.0,2074.77,79.0,118963.0,63304,48041,1090,4148,1576,2360,20,2697,116,164000.0,0.0005,2082.0,0.723,0.014,0.02,29.87
220,41,03358,DE938,NIEDERSACHSEN,Landkreis,Heidekreis,140885.0,1881.47,122.0,90463.0,53050,32428,904,2567,997,1499,15,1893,148,141000.0,0.0009,1155.0,0.642,0.011,0.017,12.29
221,42,03359,DE939,NIEDERSACHSEN,Landkreis,Stade,205357.0,1267.4,91.0,128472.0,78599,41310,982,5118,1884,2445,18,2911,151,205000.0,0.0004,2257.0,0.626,0.012,0.019,26.87
222,43,03360,DE93A,NIEDERSACHSEN,Landkreis,Uelzen,92566.0,1462.58,35.0,58345.0,36140,18775,381,1801,857,1240,8,1424,89,93000.0,0.0004,2645.0,0.63,0.013,0.021,35.43
223,44,03361,DE93B,NIEDERSACHSEN,Landkreis,Verden,137574.0,789.34,82.0,88683.0,54166,28890,827,3094,1169,1693,13,1943,81,138000.0,0.0006,1678.0,0.645,0.012,0.019,20.65
224,45,03401,DE941,NIEDERSACHSEN,Kreisfreie Stadt,Delmenhorst,77503.0,62.45,28.0,42955.0,28171,11748,470,2009,601,546,11,647,28,78000.0,0.0004,2768.0,0.554,0.007,0.013,19.5
225,46,03402,DE942,NIEDERSACHSEN,Kreisfreie Stadt,Emden,49874.0,112.34,92.0,25450.0,16444,7342,288,769,343,600,7,674,36,50000.0,0.0018,542.0,0.51,0.012,0.024,6.52
226,47,03403,DE943,NIEDERSACHSEN,Kreisfreie Stadt,Oldenburg (Oldb),169605.0,103.09,70.0,90544.0,53594,29059,1214,4380,2146,2271,26,2606,130,170000.0,0.0004,2423.0,0.534,0.013,0.025,32.44
227,48,03404,DE944,NIEDERSACHSEN,Kreisfreie Stadt,Osnabrück,164223.0,119.8,134.0,87973.0,52886,26876,865,5050,1973,2278,18,2485,74,164000.0,0.0008,1226.0,0.536,0.014,0.026,17.0
228,49,03405,DE945,NIEDERSACHSEN,Kreisfreie Stadt,Wilhelmshaven,75189.0,107.07,21.0,40363.0,27503,10503,536,1333,424,472,16,565,30,75000.0,0.0003,3580.0,0.537,0.006,0.012,22.48
229,50,03451,DE946,NIEDERSACHSEN,Landkreis,Ammerland,125643.0,730.64,48.0,82228.0,48204,28824,949,2536,1040,1692,23,1913,92,126000.0,0.0004,2618.0,0.654,0.013,0.021,35.25
230,51,03452,DE947,NIEDERSACHSEN,Landkreis,Aurich,190178.0,1287.35,50.0,120048.0,72891,40050,1766,3036,1197,2289,16,2661,140,190000.0,0.0003,3804.0,0.631,0.012,0.019,45.78
231,52,03453,DE948,NIEDERSACHSEN,Landkreis,Cloppenburg,172632.0,1420.34,79.0,106139.0,50292,49665,1107,2955,1386,2106,14,2429,94,173000.0,0.0005,2185.0,0.615,0.012,0.02,26.66
232,53,03454,DE949,NIEDERSACHSEN,Landkreis,Emsland,328930.0,2883.64,157.0,210022.0,104854,90926,2348,6877,3087,5001,16,5558,177,329000.0,0.0005,2095.0,0.639,0.015,0.024,31.85
233,54,03455,DE94A,NIEDERSACHSEN,Landkreis,Friesland,98971.0,609.54,59.0,67562.0,41208,21899,1088,2041,764,1308,18,1561,95,99000.0,0.0006,1677.0,0.683,0.013,0.019,22.17
234,55,03456,DE94B,NIEDERSACHSEN,Landkreis,Grafschaft Bentheim,137891.0,981.79,71.0,87613.0,42009,38475,1573,3260,1533,2283,13,2458,52,138000.0,0.0005,1942.0,0.635,0.017,0.026,32.15
235,56,03457,DE94C,NIEDERSACHSEN,Landkreis,Leer,171483.0,1085.71,79.0,106570.0,61280,38819,1690,2803,1102,1958,20,2249,111,171000.0,0.0005,2171.0,0.621,0.011,0.018,24.78
236,57,03458,DE94D,NIEDERSACHSEN,Landkreis,Oldenburg,131467.0,1064.84,44.0,86374.0,50115,30349,1180,2937,1132,1770,23,1985,78,131000.0,0.0003,2988.0,0.657,0.013,0.02,40.23
237,58,03459,DE94E,NIEDERSACHSEN,Landkreis,Osnabrück,359471.0,2121.79,156.0,236397.0,141104,79403,2235,8527,3278,5092,36,5753,239,359000.0,0.0004,2304.0,0.658,0.014,0.022,32.64
238,59,03460,DE94F,NIEDERSACHSEN,Landkreis,Vechta,143698.0,814.22,105.0,90929.0,46628,37721,743,3514,1438,2313,10,2530,72,144000.0,0.0007,1369.0,0.633,0.016,0.025,22.03
239,60,03461,DE94G,NIEDERSACHSEN,Landkreis,Wesermarsch,88524.0,824.76,31.0,54494.0,32213,19051,900,1468,505,848,14,1038,62,89000.0,0.0004,2856.0,0.616,0.01,0.016,27.35
240,61,03462,DE94H,NIEDERSACHSEN,Landkreis,Wittmund,57384.0,656.84,23.0,37301.0,22529,12778,537,937,311,517,3,691,49,57000.0,0.0004,2495.0,0.65,0.009,0.014,22.48
241,64,05111,DEA11,NORDRHEIN-WESTFALEN,Kreisfreie Stadt,Düsseldorf,620523.0,217.41,526.0,321540.0,187661,94030,2887,29343,13328,7535,84,8491,288,621000.0,0.0008,1180.0,0.518,0.012,0.023,14.33
242,65,05112,DEA12,NORDRHEIN-WESTFALEN,Kreisfreie Stadt,Duisburg,495885.0,232.8,80.0,237099.0,162773,57124,4580,9552,3129,3032,38,3526,168,496000.0,0.0002,6199.0,0.478,0.006,0.013,37.9
243,66,05113,DEA13,NORDRHEIN-WESTFALEN,Kreisfreie Stadt,Essen,582415.0,210.34,286.0,295308.0,202273,65995,3998,17671,7395,5315,56,5762,103,582000.0,0.0005,2036.0,0.507,0.009,0.018,18.58
244,67,05114,DEA14,NORDRHEIN-WESTFALEN,Kreisfreie Stadt,Krefeld,226844.0,137.78,38.0,121798.0,81062,30583,2072,5972,2208,2083,26,2390,104,227000.0,0.0002,5970.0,0.537,0.009,0.017,54.82
245,68,05116,DEA15,NORDRHEIN-WESTFALEN,Kreisfreie Stadt,Mönchengladbach,259665.0,170.47,79.0,143152.0,95614,35848,2376,6835,2923,2452,27,2872,175,260000.0,0.0003,3287.0,0.551,0.009,0.017,31.04
246,69,05117,DEA16,NORDRHEIN-WESTFALEN,Kreisfreie Stadt,Mülheim an der Ruhr,170921.0,91.28,13.0,95070.0,66418,20559,1096,5220,2043,1764,13,1916,37,171000.0,0.0001,13148.0,0.556,0.01,0.019,135.69
247,70,05119,DEA17,NORDRHEIN-WESTFALEN,Kreisfreie Stadt,Oberhausen,209566.0,77.09,101.0,113678.0,80914,24126,1840,4950,1766,1830,18,2131,103,210000.0,0.0005,2075.0,0.542,0.009,0.016,18.12
248,71,05120,DEA18,NORDRHEIN-WESTFALEN,Kreisfreie Stadt,Remscheid,111516.0,74.52,29.0,63907.0,43634,14995,742,3359,1294,1169,8,1270,26,112000.0,0.0003,3845.0,0.573,0.01,0.018,40.31
249,72,05122,DEA19,NORDRHEIN-WESTFALEN,Kreisfreie Stadt,Solingen,159193.0,89.54,62.0,98745.0,66551,21714,1097,6604,1918,2765,14,2952,48,159000.0,0.0004,2568.0,0.62,0.017,0.028,44.6
250,73,05124,DEA1A,NORDRHEIN-WESTFALEN,Kreisfreie Stadt,Wuppertal,355004.0,168.39,65.0,178584.0,120009,43703,2178,9146,3541,3503,45,3855,124,355000.0,0.0002,5462.0,0.503,0.01,0.02,53.89
251,74,05154,DEA1B,NORDRHEIN-WESTFALEN,Kreis,Kleve,313586.0,1232.99,159.0,201523.0,115312,69369,5157,7906,3425,3748,31,4490,303,314000.0,0.0005,1972.0,0.643,0.012,0.019,23.57
252,75,05158,DEA1C,NORDRHEIN-WESTFALEN,Kreis,Mettmann,484322.0,407.21,283.0,301305.0,198134,75620,3284,17182,6851,7038,47,7564,164,484000.0,0.0006,1711.0,0.622,0.015,0.023,24.87
253,76,05162,DEA1D,NORDRHEIN-WESTFALEN,Kreis,Rhein-Kreis Neuss,452001.0,576.44,148.0,279152.0,183795,71981,3224,14550,5284,5546,56,6774,540,452000.0,0.0003,3054.0,0.618,0.012,0.02,37.47
254,77,05166,DEA1E,NORDRHEIN-WESTFALEN,Kreis,Viersen,298536.0,563.27,152.0,192881.0,124298,53282,4065,7213,2878,3987,36,4573,208,299000.0,0.0005,1964.0,0.646,0.013,0.021,26.23
255,78,05170,DEA1F,NORDRHEIN-WESTFALEN,Kreis,Wesel,460113.0,1042.81,178.0,293795.0,192858,76626,5832,12306,4478,6130,43,6845,226,460000.0,0.0004,2585.0,0.639,0.013,0.021,34.44
256,79,05314,DEA22,NORDRHEIN-WESTFALEN,Kreisfreie Stadt,Bonn,330579.0,141.06,181.0,174650.0,101641,53817,1530,13469,4047,4168,25,4979,317,331000.0,0.0005,1826.0,0.528,0.013,0.024,23.03
257,80,05315,DEA23,NORDRHEIN-WESTFALEN,Kreisfreie Stadt,Köln,1083498.0,405.01,503.0,493614.0,311207,125626,5046,41705,14816,9863,167,11124,410,1083000.0,0.0005,2154.0,0.456,0.009,0.02,19.61
258,81,05316,DEA24,NORDRHEIN-WESTFALEN,Kreisfreie Stadt,Leverkusen,163905.0,78.87,23.0,91542.0,60571,21942,1034,6164,2319,1812,19,2001,60,164000.0,0.0001,7126.0,0.559,0.011,0.02,78.78
259,82,05334,DEA2D,NORDRHEIN-WESTFALEN,Kreis,Städteregion Aachen,556631.0,706.92,409.0,300636.0,194918,77606,5479,15757,6174,6804,72,7300,158,557000.0,0.0007,1361.0,0.54,0.012,0.023,16.64
260,83,05358,DEA26,NORDRHEIN-WESTFALEN,Kreis,Düren,265140.0,941.48,131.0,168041.0,108145,46589,2444,6957,2623,3849,57,4260,135,265000.0,0.0005,2024.0,0.634,0.015,0.023,29.38
261,84,05362,DEA27,NORDRHEIN-WESTFALEN,Kreis,Rhein-Erft-Kreis,469611.0,704.7,148.0,288878.0,192160,73065,3234,14956,5292,5376,87,6195,260,470000.0,0.0003,3173.0,0.615,0.011,0.019,36.32
262,85,05366,DEA28,NORDRHEIN-WESTFALEN,Kreis,Euskirchen,194359.0,1248.72,76.0,151535.0,87244,44149,1743,11331,3656,7042,26,7400,130,194000.0,0.0004,2557.0,0.78,0.036,0.046,92.66
263,86,05370,DEA29,NORDRHEIN-WESTFALEN,Kreis,Heinsberg,256458.0,627.92,88.0,166958.0,101554,51011,4302,7020,2707,3044,27,3532,153,256000.0,0.0003,2914.0,0.651,0.012,0.018,34.59
264,87,05374,DEA2A,NORDRHEIN-WESTFALEN,Kreis,Oberbergischer Kreis,271699.0,918.84,77.0,182092.0,115208,53341,1970,8054,3188,3482,37,4162,201,272000.0,0.0003,3529.0,0.67,0.013,0.019,45.22
265,88,05378,DEA2B,NORDRHEIN-WESTFALEN,Kreis,Rheinisch-Bergischer Kreis,283275.0,437.32,106.0,184798.0,123245,44930,1965,10197,4084,4433,28,4933,178,283000.0,0.0004,2672.0,0.652,0.016,0.024,41.82
266,89,05382,DEA2C,NORDRHEIN-WESTFALEN,Kreis,Rhein-Sieg-Kreis,600375.0,1153.2,202.0,375141.0,245952,100952,4353,16577,6153,7229,78,8301,342,600000.0,0.0003,2972.0,0.625,0.012,0.019,35.79
267,90,05512,DEA31,NORDRHEIN-WESTFALEN,Kreisfreie Stadt,Bottrop,117388.0,100.62,31.0,70110.0,50349,14491,1210,2907,1007,1142,11,1337,64,117000.0,0.0003,3787.0,0.597,0.01,0.016,36.84
268,91,05513,DEA32,NORDRHEIN-WESTFALEN,Kreisfreie Stadt,Gelsenkirchen,259105.0,104.94,65.0,124445.0,87201,27910,2032,5596,1838,1694,12,2049,95,259000.0,0.0003,3986.0,0.48,0.007,0.014,26.06
269,92,05515,DEA33,NORDRHEIN-WESTFALEN,Kreisfreie Stadt,Münster,316403.0,303.28,87.0,151318.0,89755,47686,1567,7967,3577,4304,39,4627,151,316000.0,0.0003,3637.0,0.478,0.014,0.028,49.47
270,93,05554,DEA34,NORDRHEIN-WESTFALEN,Kreis,Borken,371898.0,1420.96,249.0,232866.0,127513,86346,4227,8536,4026,6221,23,6852,218,372000.0,0.0007,1494.0,0.626,0.017,0.027,24.98
271,94,05558,DEA35,NORDRHEIN-WESTFALEN,Kreis,Coesfeld,220712.0,1112.03,103.0,143727.0,84176,48656,1745,5514,1992,3609,27,3969,122,221000.0,0.0005,2143.0,0.651,0.016,0.025,35.04
272,95,05562,DEA36,NORDRHEIN-WESTFALEN,Kreis,Recklinghausen,613599.0,761.32,155.0,361273.0,252570,82367,5161,15454,5212,5633,88,6420,252,614000.0,0.0003,3959.0,0.589,0.009,0.016,36.34
273,96,05566,DEA37,NORDRHEIN-WESTFALEN,Kreis,Steinfurt,448197.0,1795.76,165.0,282484.0,163481,97937,3059,10628,4386,7338,41,8172,330,448000.0,0.0004,2716.0,0.63,0.016,0.026,44.47
274,97,05570,DEA38,NORDRHEIN-WESTFALEN,Kreis,Warendorf,277417.0,1319.42,76.0,178018.0,110117,55818,1784,6208,2332,4070,21,4602,189,277000.0,0.0003,3650.0,0.642,0.015,0.023,53.55
275,98,05711,DEA41,NORDRHEIN-WESTFALEN,Kreisfreie Stadt,Bielefeld,333509.0,258.83,134.0,178189.0,109667,52711,1724,8889,3383,5174,24,5538,152,334000.0,0.0004,2489.0,0.534,0.016,0.029,38.61
276,99,05754,DEA42,NORDRHEIN-WESTFALEN,Kreis,Gütersloh,364818.0,969.21,147.0,236894.0,144890,74090,2019,9964,4198,5897,34,6475,180,365000.0,0.0004,2482.0,0.649,0.016,0.025,40.12
277,100,05758,DEA43,NORDRHEIN-WESTFALEN,Kreis,Herford,250547.0,450.4,90.0,165929.0,107499,45365,1641,7135,2901,4263,26,4725,163,251000.0,0.0004,2784.0,0.662,0.017,0.026,47.37
278,101,05762,DEA44,NORDRHEIN-WESTFALEN,Kreis,Höxter,139729.0,1201.42,54.0,91601.0,55795,29723,929,3138,1235,2003,13,2249,72,140000.0,0.0004,2588.0,0.656,0.014,0.022,37.09
279,102,05766,DEA45,NORDRHEIN-WESTFALEN,Kreis,Lippe,346970.0,1246.19,118.0,220417.0,139226,65788,2496,7850,3192,5016,41,5739,250,347000.0,0.0003,2940.0,0.635,0.014,0.023,42.51
280,103,05770,DEA46,NORDRHEIN-WESTFALEN,Kreis,Minden-Lübbecke,310270.0,1152.42,127.0,206941.0,131353,61130,2013,7989,2784,4418,38,5280,292,310000.0,0.0004,2443.0,0.667,0.014,0.021,34.79
281,104,05774,DEA47,NORDRHEIN-WESTFALEN,Kreis,Paderborn,308335.0,1246.78,216.0,188943.0,112020,60737,2242,8425,3267,5500,19,5846,96,308000.0,0.0007,1427.0,0.613,0.018,0.029,25.46
282,105,05911,DEA51,NORDRHEIN-WESTFALEN,Kreisfreie Stadt,Bochum,364454.0,145.66,205.0,214175.0,148388,44555,2424,14303,5362,4479,26,4869,129,364000.0,0.0006,1778.0,0.588,0.012,0.021,21.85
283,106,05913,DEA52,NORDRHEIN-WESTFALEN,Kreisfreie Stadt,Dortmund,587696.0,280.71,475.0,297945.0,199358,73929,3360,15766,6405,5482,50,6314,290,588000.0,0.0008,1237.0,0.507,0.009,0.018,11.54
284,107,05914,DEA53,NORDRHEIN-WESTFALEN,Kreisfreie Stadt,Hagen,188687.0,160.45,49.0,99840.0,68348,24334,1056,4610,1787,1471,21,1696,79,189000.0,0.0003,3851.0,0.529,0.008,0.015,30.02
285,108,05915,DEA54,NORDRHEIN-WESTFALEN,Kreisfreie Stadt,Hamm,178967.0,226.43,59.0,99677.0,66053,27102,991,3676,1317,1843,12,2039,68,179000.0,0.0003,3033.0,0.557,0.01,0.018,31.24
286,109,05916,DEA55,NORDRHEIN-WESTFALEN,Kreisfreie Stadt,Herne,156940.0,51.42,40.0,78784.0,57015,16501,1231,3110,1105,913,14,1131,82,157000.0,0.0003,3924.0,0.502,0.006,0.012,22.82
287,110,05954,DEA56,NORDRHEIN-WESTFALEN,Kreis,Ennepe-Ruhr-Kreis,323130.0,409.64,112.0,202134.0,140210,46349,2413,9302,3645,3826,34,4149,113,323000.0,0.0003,2885.0,0.626,0.012,0.019,34.16
288,111,05958,DEA57,NORDRHEIN-WESTFALEN,Kreis,Hochsauerlandkreis,259030.0,1960.16,147.0,171631.0,104229,55139,1286,7328,2771,3626,23,4121,137,259000.0,0.0006,1762.0,0.663,0.014,0.021,24.67
289,112,05962,DEA58,NORDRHEIN-WESTFALEN,Kreis,Märkischer Kreis,408662.0,1061.08,190.0,256655.0,170383,67913,2484,11721,4558,4113,41,4894,236,409000.0,0.0005,2151.0,0.628,0.01,0.016,21.65
290,113,05966,DEA59,NORDRHEIN-WESTFALEN,Kreis,Olpe,133362.0,712.11,62.0,91308.0,57056,28109,519,3854,1726,1754,16,2040,98,133000.0,0.0005,2151.0,0.685,0.013,0.019,28.29
291,114,05970,DEA5A,NORDRHEIN-WESTFALEN,Kreis,Siegen-Wittgenstein,275491.0,1132.89,80.0,179021.0,115602,49506,1086,9191,3679,3604,32,4157,177,275000.0,0.0003,3444.0,0.65,0.013,0.02,45.05
292,115,05974,DEA5B,NORDRHEIN-WESTFALEN,Kreis,Soest,301016.0,1328.63,117.0,195380.0,121516,59326,2067,7571,3470,4876,24,5424,193,301000.0,0.0004,2573.0,0.649,0.016,0.025,41.68
293,116,05978,DEA5C,NORDRHEIN-WESTFALEN,Kreis,Unna,393618.0,543.21,222.0,242913.0,163093,61252,2671,11064,3973,4785,48,5350,153,394000.0,0.0006,1773.0,0.617,0.012,0.02,21.55
294,143,07111,DEB11,RHEINLAND-PFALZ,Kreisfreie Stadt,Koblenz,113388.0,105.25,42.0,64459.0,39062,19902,452,3819,1849,1210,14,1361,55,113000.0,0.0004,2700.0,0.568,0.011,0.019,28.81
295,144,07131,DEB12,RHEINLAND-PFALZ,Landkreis,Ahrweiler,130479.0,787.05,51.0,86516.0,55067,25705,891,3435,1303,1401,17,1717,103,130000.0,0.0004,2558.0,0.663,0.011,0.016,27.47
296,145,07132,DEB13,RHEINLAND-PFALZ,Landkreis,Altenkirchen (Westerwald),129087.0,642.37,27.0,85867.0,54918,25349,743,3320,1376,1515,22,1764,70,129000.0,0.0002,4781.0,0.665,0.012,0.018,56.11
297,146,07133,DEB14,RHEINLAND-PFALZ,Landkreis,Bad Kreuznach,158746.0,863.89,45.0,102538.0,66019,30153,746,3732,1345,1874,14,2212,101,159000.0,0.0003,3528.0,0.646,0.012,0.018,41.64
298,147,07134,DEB15,RHEINLAND-PFALZ,Landkreis,Birkenfeld,80830.0,776.82,14.0,52980.0,34847,15072,269,2109,541,672,11,851,59,81000.0,0.0002,5774.0,0.655,0.008,0.013,48.0
299,148,07135,DEB1C,RHEINLAND-PFALZ,Landkreis,Cochem-Zell,61578.0,692.47,38.0,42448.0,24389,15572,370,1246,500,863,8,999,34,62000.0,0.0006,1620.0,0.689,0.014,0.02,22.71
300,149,07137,DEB17,RHEINLAND-PFALZ,Landkreis,Mayen-Koblenz,214786.0,817.67,81.0,142443.0,90590,42162,1150,5847,2352,2677,17,3165,138,215000.0,0.0004,2652.0,0.663,0.012,0.019,33.05
301,150,07138,DEB18,RHEINLAND-PFALZ,Landkreis,Neuwied,183131.0,627.04,48.0,123202.0,77278,37395,1235,5116,1979,2160,18,2588,124,183000.0,0.0003,3815.0,0.673,0.012,0.018,45.0
302,151,07140,DEB1D,RHEINLAND-PFALZ,Landkreis,Rhein-Hunsrück-Kreis,103401.0,991.07,57.0,72465.0,41222,26740,506,2608,893,1383,6,1623,64,103000.0,0.0006,1814.0,0.701,0.013,0.019,24.26
303,152,07141,DEB1A,RHEINLAND-PFALZ,Landkreis,Rhein-Lahn-Kreis,122574.0,782.18,30.0,81598.0,53060,23282,807,2906,1080,1525,18,1819,82,123000.0,0.0002,4086.0,0.666,0.012,0.019,50.83
304,153,07143,DEB1B,RHEINLAND-PFALZ,Landkreis,Westerwaldkreis,202830.0,989.05,61.0,140922.0,86376,44520,1005,5972,2394,3035,14,3439,106,203000.0,0.0003,3325.0,0.695,0.015,0.022,49.75
305,154,07211,DEB21,RHEINLAND-PFALZ,Kreisfreie Stadt,Trier,110674.0,117.06,0.0,157496.0,92826,53301,538,6806,2536,4004,21,4473,120,111000.0,0.0,0.0,1.423,0.036,0.025,0.0
306,155,07231,DEB22,RHEINLAND-PFALZ,Landkreis,Bernkastel-Wittlich,112685.0,1167.89,73.0,76994.0,44461,27900,350,2869,1091,1407,7,1665,71,113000.0,0.0006,1544.0,0.683,0.012,0.018,19.27
307,156,07232,DEB23,RHEINLAND-PFALZ,Landkreis,Eifelkreis Bitburg-Prüm,100055.0,1626.93,43.0,69112.0,36146,28740,295,2609,831,1311,11,1586,74,100000.0,0.0004,2327.0,0.691,0.013,0.019,30.49
308,157,07233,DEB24,RHEINLAND-PFALZ,Landkreis,Vulkaneifel,60491.0,911.66,39.0,42787.0,24237,16105,317,1437,578,683,8,876,57,60000.0,0.0006,1551.0,0.707,0.011,0.016,17.51
309,159,07311,DEB31,RHEINLAND-PFALZ,Kreisfreie Stadt,Frankenthal (Pfalz),48750.0,43.88,25.0,26973.0,17856,7282,175,1307,475,347,6,437,15,49000.0,0.0005,1950.0,0.553,0.007,0.013,13.88
310,160,07312,DEB32,RHEINLAND-PFALZ,Kreisfreie Stadt,Kaiserslautern,99662.0,139.7,38.0,49731.0,32769,12642,339,2879,1037,1090,12,1264,32,100000.0,0.0004,2623.0,0.499,0.011,0.022,28.68
311,161,07313,DEB33,RHEINLAND-PFALZ,Kreisfreie Stadt,Landau in der Pfalz,46685.0,82.94,0.0,28225.0,18248,7574,183,1500,657,717,3,829,34,47000.0,0.0,0.0,0.605,0.015,0.025,0.0
312,162,07314,DEB34,RHEINLAND-PFALZ,Kreisfreie Stadt,Ludwigshafen am Rhein,172557.0,77.43,46.0,84662.0,55464,22762,511,4451,1739,1453,21,1725,69,173000.0,0.0003,3751.0,0.491,0.008,0.017,31.59
313,163,07315,DEB35,RHEINLAND-PFALZ,Kreisfreie Stadt,Mainz,217123.0,97.73,81.0,101053.0,65061,27228,679,5899,2121,2166,20,2393,88,217000.0,0.0004,2681.0,0.465,0.01,0.021,26.74
314,164,07316,DEB36,RHEINLAND-PFALZ,Kreisfreie Stadt,Neustadt an der Weinstraße,53306.0,117.09,38.0,33594.0,21708,9501,233,1361,504,787,4,901,31,53000.0,0.0007,1403.0,0.63,0.015,0.023,20.71
315,165,07317,DEB37,RHEINLAND-PFALZ,Kreisfreie Stadt,Pirmasens,40176.0,61.35,0.0,23169.0,15460,5978,144,1207,400,378,2,450,19,40000.0,0.0,0.0,0.577,0.009,0.016,0.0
316,166,07318,DEB38,RHEINLAND-PFALZ,Kreisfreie Stadt,Speyer,50741.0,42.71,40.0,29562.0,19244,8328,240,1231,435,518,1,592,33,51000.0,0.0008,1269.0,0.583,0.01,0.018,12.95
317,167,07319,DEB39,RHEINLAND-PFALZ,Kreisfreie Stadt,Worms,83459.0,108.73,28.0,46294.0,30721,12453,290,2070,732,753,7,892,40,83000.0,0.0003,2981.0,0.555,0.009,0.016,26.89
318,168,07320,DEB3A,RHEINLAND-PFALZ,Kreisfreie Stadt,Zweibrücken,34001.0,70.64,40.0,21609.0,14021,5863,120,1181,353,417,7,479,20,34000.0,0.0012,850.0,0.636,0.012,0.019,10.43
319,169,07331,DEB3B,RHEINLAND-PFALZ,Landkreis,Alzey-Worms,130715.0,588.08,44.0,87807.0,55002,27269,596,3101,1167,1825,14,2117,103,131000.0,0.0003,2971.0,0.672,0.014,0.021,41.48
320,170,07332,DEB3C,RHEINLAND-PFALZ,Landkreis,Bad Dürkheim,133004.0,594.61,57.0,92548.0,60101,26003,731,3651,1284,2047,15,2343,110,133000.0,0.0004,2333.0,0.696,0.015,0.022,35.91
321,171,07333,DEB3D,RHEINLAND-PFALZ,Landkreis,Donnersbergkreis,75539.0,645.42,19.0,51659.0,31657,16723,441,1757,539,1070,11,1268,71,76000.0,0.0003,3976.0,0.684,0.014,0.021,56.32
322,172,07334,DEB3E,RHEINLAND-PFALZ,Landkreis,Germersheim,129006.0,463.32,37.0,84421.0,52309,26269,552,3736,1241,1536,19,1806,88,129000.0,0.0003,3487.0,0.654,0.012,0.018,41.51
323,173,07335,DEB3F,RHEINLAND-PFALZ,Landkreis,Kaiserslautern,106320.0,639.98,33.0,69861.0,45118,19999,434,3071,909,1229,10,1470,58,106000.0,0.0003,3222.0,0.657,0.012,0.018,37.24
324,174,07336,DEB3G,RHEINLAND-PFALZ,Landkreis,Kusel,70105.0,573.58,19.0,47851.0,31161,14127,293,1650,462,608,12,776,58,70000.0,0.0003,3690.0,0.683,0.009,0.013,32.0
325,175,07337,DEB3H,RHEINLAND-PFALZ,Landkreis,Südliche Weinstraße,110783.0,639.95,101.0,78600.0,50105,23562,447,2789,963,1686,11,1991,112,111000.0,0.0009,1097.0,0.709,0.015,0.021,16.69
326,176,07338,DEB3I,RHEINLAND-PFALZ,Landkreis,Rhein-Pfalz-Kreis,154754.0,305.01,73.0,102765.0,69548,26812,713,3779,1247,1894,19,2285,139,155000.0,0.0005,2120.0,0.664,0.012,0.018,25.95
327,177,07339,DEB3J,RHEINLAND-PFALZ,Landkreis,Mainz-Bingen,211525.0,605.37,64.0,143858.0,89549,44135,1110,5829,2128,3222,13,3587,133,212000.0,0.0003,3305.0,0.68,0.015,0.022,50.34
328,178,07340,DEB3K,RHEINLAND-PFALZ,Landkreis,Südwestpfalz,94912.0,953.59,35.0,68092.0,43525,20444,420,2558,805,1122,23,1391,85,95000.0,0.0004,2712.0,0.717,0.012,0.016,32.06
329,319,10041,DEC01,SAARLAND,Landkreis,Regionalverband Saarbrücken,327502.0,410.95,101.0,192978.0,126250,52496,766,10224,3428,3203,39,3998,196,328000.0,0.0003,3243.0,0.589,0.01,0.017,31.71
330,320,10042,DEC02,SAARLAND,Landkreis,Merzig-Wadern,103471.0,556.66,38.0,72846.0,44190,24173,277,3002,846,1198,6,1368,40,103000.0,0.0004,2723.0,0.704,0.012,0.016,31.53
331,321,10043,DEC03,SAARLAND,Landkreis,Neunkirchen,131172.0,249.8,32.0,87265.0,58301,22924,409,4224,1454,1385,22,1569,52,131000.0,0.0002,4099.0,0.665,0.011,0.016,43.28
332,322,10044,DEC04,SAARLAND,Landkreis,Saarlouis,193732.0,459.35,65.0,134651.0,89237,36617,551,6029,1977,2183,34,2731,191,194000.0,0.0003,2980.0,0.695,0.011,0.016,33.58
333,323,10045,DEC05,SAARLAND,Landkreis,Saarpfalz-Kreis,141656.0,418.28,51.0,98969.0,64139,27876,554,4529,1637,1835,36,2225,112,142000.0,0.0004,2778.0,0.699,0.013,0.019,35.98
334,324,10046,DEC06,SAARLAND,Landkreis,St. Wendel,86458.0,476.07,34.0,63251.0,40087,18343,350,2641,888,1820,10,1959,40,86000.0,0.0004,2543.0,0.732,0.021,0.029,53.53
335,352,14511,DED41,SACHSEN       ,Kreisfreie Stadt,Chemnitz,244401.0,221.03,153.0,125893.0,85401,31924,726,6081,1874,1709,52,2251,87,244000.0,0.0006,1597.0,0.515,0.007,0.014,11.17
336,353,14521,DED42,SACHSEN       ,Landkreis,Erzgebirgskreis,331917.0,1827.93,123.0,202897.0,139090,54415,979,6582,1733,1778,53,2961,96,332000.0,0.0004,2699.0,0.611,0.005,0.009,14.46
337,354,14522,DED43,SACHSEN       ,Landkreis,Mittelsachsen,301474.0,2116.87,71.0,179810.0,120367,50890,1302,5582,1539,1605,64,2787,127,301000.0,0.0002,4246.0,0.596,0.005,0.009,22.61
338,355,14523,DED44,SACHSEN       ,Landkreis,Vogtlandkreis,223905.0,1412.46,92.0,137043.0,93775,36082,653,5188,1236,1307,38,2311,115,224000.0,0.0004,2434.0,0.612,0.006,0.01,14.21
339,356,14524,DED45,SACHSEN       ,Landkreis,Zwickau,312033.0,949.75,180.0,186673.0,128805,47615,1125,6770,1974,2294,64,2896,68,312000.0,0.0006,1734.0,0.598,0.007,0.012,12.74
340,357,14612,DED21,SACHSEN       ,Kreisfreie Stadt,Dresden,556227.0,328.48,293.0,230581.0,151145,62384,1640,12302,3586,3009,101,3590,165,556000.0,0.0005,1898.0,0.415,0.005,0.013,10.27
341,358,14625,DED2C,SACHSEN       ,Landkreis,Bautzen,298010.0,2395.6,112.0,182108.0,123374,50112,1226,5731,1584,1579,86,2789,144,298000.0,0.0004,2661.0,0.611,0.005,0.009,14.1
342,359,14626,DED2D,SACHSEN       ,Landkreis,Görlitz,250558.0,2111.44,70.0,143745.0,102714,34997,974,3949,1022,1039,72,2048,140,251000.0,0.0003,3579.0,0.574,0.004,0.007,14.84
343,360,14627,DED2E,SACHSEN       ,Landkreis,Meißen,240371.0,1454.59,70.0,140141.0,93085,39694,955,4983,1251,1358,66,2048,95,240000.0,0.0003,3434.0,0.583,0.006,0.01,19.4
344,361,14628,DED2F,SACHSEN       ,Landkreis,Sächsische Schweiz-Osterzgebirge,244722.0,1654.21,83.0,145322.0,98003,39364,961,5433,1462,1502,59,2422,114,245000.0,0.0003,2948.0,0.594,0.006,0.01,18.1
345,362,14713,DED51,SACHSEN       ,Kreisfreie Stadt,Leipzig,597493.0,297.8,296.0,233713.0,158913,56015,2042,13042,3923,3603,98,4048,154,597000.0,0.0005,2019.0,0.391,0.006,0.015,12.17
346,363,14729,DED52,SACHSEN       ,Landkreis,Leipzig,258386.0,1651.29,95.0,155950.0,103350,43809,1298,5543,1610,1894,56,2659,99,258000.0,0.0004,2720.0,0.604,0.007,0.012,19.94
347,364,14730,DED53,SACHSEN       ,Landkreis,Nordsachsen,197444.0,2028.56,53.0,117636.0,78279,33341,788,4068,1165,1123,37,1587,91,197000.0,0.0003,3725.0,0.596,0.006,0.01,21.19
348,365,15001,DEE01,SACHSEN-ANHALT,Kreisfreie Stadt,Dessau-Roßlau,79354.0,244.79,22.0,41667.0,29599,9589,268,1743,460,449,19,555,22,79000.0,0.0003,3607.0,0.525,0.006,0.011,20.41
349,366,15002,DEE02,SACHSEN-ANHALT,Kreisfreie Stadt,Halle (Saale),237865.0,135.02,0.0,95364.0,67238,21593,759,4536,1130,1179,59,1361,48,238000.0,0.0,0.0,0.401,0.005,0.012,0.0
350,367,15003,DEE03,SACHSEN-ANHALT,Kreisfreie Stadt,Magdeburg,235775.0,201.03,64.0,111784.0,76762,27912,663,5019,1628,1392,36,1883,121,236000.0,0.0003,3684.0,0.474,0.006,0.012,21.75
351,368,15081,DEE04,SACHSEN-ANHALT,Landkreis,Altmarkkreis Salzwedel,82687.0,2294.16,21.0,50810.0,30468,18212,353,1228,413,531,18,804,55,83000.0,0.0003,3937.0,0.614,0.006,0.01,25.29
352,369,15082,DEE05,SACHSEN-ANHALT,Landkreis,Anhalt-Bitterfeld,157217.0,1454.38,35.0,92663.0,64718,23691,489,3003,726,729,33,1023,42,157000.0,0.0002,4492.0,0.589,0.005,0.008,20.83
353,370,15083,DEE07,SACHSEN-ANHALT,Landkreis,Börde,170567.0,2367.15,61.0,106687.0,68826,33174,655,2952,897,1054,26,1332,50,171000.0,0.0004,2796.0,0.625,0.006,0.01,17.28
354,371,15084,DEE08,SACHSEN-ANHALT,Landkreis,Burgenlandkreis,177590.0,1414.0,62.0,102506.0,70362,27017,787,3430,935,861,49,1185,48,178000.0,0.0003,2864.0,0.577,0.005,0.008,13.89
355,372,15085,DEE09,SACHSEN-ANHALT,Landkreis,Harz,210975.0,2104.91,62.0,123758.0,80248,36728,1018,4267,1269,1455,42,1908,84,211000.0,0.0003,3403.0,0.587,0.007,0.012,23.47
356,373,15086,DEE06,SACHSEN-ANHALT,Landkreis,Jerichower Land,89403.0,1577.42,23.0,54593.0,35306,16648,329,1749,479,542,19,836,58,89000.0,0.0003,3887.0,0.611,0.006,0.01,23.57
357,374,15087,DEE0A,SACHSEN-ANHALT,Landkreis,Mansfeld-Südharz,133690.0,1449.01,51.0,79548.0,53778,22076,378,2581,551,706,29,1094,51,134000.0,0.0004,2621.0,0.595,0.005,0.009,13.84
358,375,15088,DEE0B,SACHSEN-ANHALT,Landkreis,Saalekreis,183434.0,1434.01,114.0,115435.0,78341,30668,792,4532,1202,1065,37,1513,56,183000.0,0.0006,1609.0,0.629,0.006,0.009,9.34
359,376,15089,DEE0C,SACHSEN-ANHALT,Landkreis,Salzlandkreis,187457.0,1427.55,63.0,105102.0,72369,27962,689,3242,773,794,46,1088,43,187000.0,0.0003,2976.0,0.561,0.004,0.008,12.6
360,377,15090,DEE0D,SACHSEN-ANHALT,Landkreis,Stendal,110485.0,2424.01,38.0,63749.0,39357,21645,386,1775,488,568,18,1000,60,110000.0,0.0003,2908.0,0.577,0.005,0.009,14.95
361,378,15091,DEE0E,SACHSEN-ANHALT,Landkreis,Wittenberg,124185.0,1931.68,24.0,75477.0,51819,19943,537,2510,632,630,38,1052,70,124000.0,0.0002,5174.0,0.608,0.005,0.008,26.25
362,1,01001,DEF01,SCHLESWIG-HOLSTEIN,Kreisfreie Stadt,Flensburg,89934.0,56.73,51.0,45398.0,26368,15818,237,1887,735,1072,16,1248,85,90000.0,0.0006,1763.0,0.505,0.012,0.024,21.02
363,2,01002,DEF02,SCHLESWIG-HOLSTEIN,Kreisfreie Stadt,Kiel,246601.0,118.65,106.0,111539.0,69353,34337,698,4730,1755,2403,18,2880,254,247000.0,0.0004,2326.0,0.452,0.01,0.022,22.67
364,3,01003,DEF03,SCHLESWIG-HOLSTEIN,Kreisfreie Stadt,Lübeck,215846.0,214.19,66.0,102139.0,65827,29286,766,4451,1690,1799,10,2237,231,216000.0,0.0003,3270.0,0.473,0.008,0.018,27.26
365,4,01004,DEF04,SCHLESWIG-HOLSTEIN,Kreisfreie Stadt,Neumünster,79905.0,71.66,51.0,43444.0,26517,13797,315,1753,659,1053,9,1168,54,80000.0,0.0006,1567.0,0.544,0.013,0.024,20.65
366,5,01051,DEF05,SCHLESWIG-HOLSTEIN,Kreis,Dithmarschen,133251.0,1428.18,120.0,84029.0,48003,31733,482,2187,676,1606,18,1922,142,133000.0,0.0009,1110.0,0.631,0.012,0.019,13.38
367,6,01053,DEF06,SCHLESWIG-HOLSTEIN,Kreis,Herzogtum Lauenburg,199152.0,1263.06,72.0,121756.0,74706,39273,1005,4264,1594,2489,19,3027,216,199000.0,0.0004,2766.0,0.611,0.012,0.02,34.57
368,7,01054,DEF07,SCHLESWIG-HOLSTEIN,Kreis,Nordfriesland,167147.0,2083.53,166.0,107293.0,59789,40220,586,3246,1333,3363,89,3714,132,167000.0,0.001,1007.0,0.642,0.02,0.031,20.26
369,8,01055,DEF08,SCHLESWIG-HOLSTEIN,Kreis,Ostholstein,201487.0,1393.0,143.0,131197.0,83129,40209,928,4379,1602,2533,19,3154,236,201000.0,0.0007,1409.0,0.651,0.013,0.019,17.71
370,9,01056,DEF09,SCHLESWIG-HOLSTEIN,Kreis,Pinneberg,317085.0,664.27,136.0,180611.0,117014,50534,1137,7967,2936,3921,38,4340,162,317000.0,0.0004,2332.0,0.57,0.012,0.022,28.83
371,10,01057,DEF0A,SCHLESWIG-HOLSTEIN,Kreis,Plön,129353.0,1083.57,51.0,82434.0,50631,26989,419,2441,883,1942,12,2217,131,129000.0,0.0004,2536.0,0.637,0.015,0.024,38.08
372,11,01058,DEF0B,SCHLESWIG-HOLSTEIN,Kreis,Rendsburg-Eckernförde,274765.0,2189.77,141.0,178841.0,101749,65431,1172,6114,2120,4351,24,4958,276,275000.0,0.0005,1949.0,0.651,0.016,0.024,30.86
373,12,01059,DEF0C,SCHLESWIG-HOLSTEIN,Kreis,Schleswig-Flensburg,202647.0,2071.33,146.0,133348.0,71071,54337,909,3570,1343,3424,37,3906,228,203000.0,0.0007,1388.0,0.658,0.017,0.026,23.45
374,13,01060,DEF0D,SCHLESWIG-HOLSTEIN,Kreis,Segeberg,278007.0,1344.47,136.0,173281.0,106167,54590,1199,7467,2717,3833,25,4502,300,278000.0,0.0005,2044.0,0.623,0.014,0.022,28.18
375,14,01061,DEF0E,SCHLESWIG-HOLSTEIN,Kreis,Steinburg,130706.0,1055.7,40.0,83325.0,49911,28939,603,2266,776,1592,14,2014,189,131000.0,0.0003,3268.0,0.637,0.012,0.019,39.8
376,15,01062,DEF0F,SCHLESWIG-HOLSTEIN,Kreis,Stormarn,244989.0,766.24,119.0,155853.0,96599,47145,986,7446,2904,3652,25,4323,246,245000.0,0.0005,2059.0,0.636,0.015,0.023,30.69
377,379,16051,DEG01,THUERINGEN,Kreisfreie Stadt,Erfurt,213692.0,269.91,73.0,98569.0,63746,27729,684,4827,1553,1554,29,1716,37,214000.0,0.0003,2927.0,0.461,0.007,0.016,21.29
378,380,16052,DEG02,THUERINGEN,Kreisfreie Stadt,Gera,92126.0,152.18,41.0,45852.0,31213,11599,263,2233,491,533,11,664,24,92000.0,0.0004,2247.0,0.498,0.006,0.012,13.0
379,381,16053,DEG03,THUERINGEN,Kreisfreie Stadt,Jena,110731.0,114.77,40.0,45069.0,28520,13087,264,2454,682,728,16,937,50,111000.0,0.0004,2768.0,0.407,0.007,0.016,18.2
380,382,16054,DEG04,THUERINGEN,Kreisfreie Stadt,Suhl,36395.0,141.62,15.0,19877.0,12840,5637,94,1046,239,254,6,291,7,36000.0,0.0004,2426.0,0.546,0.007,0.013,16.93
381,383,16055,DEG05,THUERINGEN,Kreisfreie Stadt,Weimar,65098.0,84.48,0.0,30112.0,19492,8492,189,1432,488,498,9,611,24,65000.0,0.0,0.0,0.463,0.008,0.017,0.0
382,385,16061,DEG06,THUERINGEN,Landkreis,Eichsfeld,99463.0,943.06,38.0,64211.0,39070,21590,493,2091,809,955,12,1371,62,99000.0,0.0004,2617.0,0.646,0.01,0.015,25.13
383,386,16062,DEG07,THUERINGEN,Landkreis,Nordhausen,82456.0,713.93,29.0,47352.0,31591,13403,258,1647,520,427,26,592,21,82000.0,0.0004,2843.0,0.574,0.005,0.009,14.72
384,387,16063,DEG0P,THUERINGEN,Landkreis,Wartburgkreis,117967.0,1266.98,24.0,95332.0,62196,28021,586,3494,1000,1008,27,1667,68,118000.0,0.0002,4915.0,0.808,0.009,0.011,42.0
385,388,16064,DEG09,THUERINGEN,Landkreis,Unstrut-Hainich-Kreis,101698.0,979.68,28.0,53876.0,34868,16173,294,1837,715,694,10,834,36,102000.0,0.0003,3632.0,0.53,0.007,0.013,24.79
386,389,16065,DEG0A,THUERINGEN,Landkreis,Kyffhäuserkreis,73522.0,1037.9,24.0,44178.0,29511,12826,225,1226,304,379,11,482,28,74000.0,0.0003,3063.0,0.601,0.005,0.009,15.79
387,390,16066,DEG0B,THUERINGEN,Landkreis,Schmalkalden-Meiningen,124241.0,1251.17,35.0,76213.0,48067,24219,415,2705,755,783,24,1260,56,124000.0,0.0003,3550.0,0.613,0.006,0.01,22.37
388,391,16067,DEG0C,THUERINGEN,Landkreis,Gotha,134563.0,936.08,39.0,76650.0,49974,22214,443,3140,837,855,24,1104,43,135000.0,0.0003,3450.0,0.57,0.006,0.011,21.92
389,392,16068,DEG0D,THUERINGEN,Landkreis,Sömmerda,69107.0,806.88,23.0,40604.0,26397,12457,221,1129,366,389,11,610,21,69000.0,0.0003,3005.0,0.588,0.006,0.01,16.91
390,393,16069,DEG0E,THUERINGEN,Landkreis,Hildburghausen,62656.0,938.41,21.0,39304.0,24435,13019,178,1280,353,376,16,505,24,63000.0,0.0003,2984.0,0.627,0.006,0.01,17.9
391,394,16070,DEG0F,THUERINGEN,Landkreis,Ilm-Kreis,105606.0,805.11,46.0,59043.0,37700,17731,425,2296,623,877,14,1094,36,106000.0,0.0004,2296.0,0.559,0.008,0.015,19.07
392,395,16071,DEG0G,THUERINGEN,Landkreis,Weimarer Land,82291.0,804.47,47.0,49011.0,31590,14716,264,1836,512,594,11,779,48,82000.0,0.0006,1751.0,0.596,0.007,0.012,12.64
393,396,16072,DEG0H,THUERINGEN,Landkreis,Sonneberg,57044.0,460.84,25.0,34752.0,23986,8862,186,1393,376,313,12,426,9,57000.0,0.0004,2282.0,0.609,0.005,0.009,12.52
394,397,16073,DEG0I,THUERINGEN,Landkreis,Saalfeld-Rudolstadt,102139.0,1008.77,32.0,59950.0,39496,17200,448,2202,589,588,16,776,39,102000.0,0.0003,3192.0,0.587,0.006,0.01,18.38
395,398,16074,DEG0J,THUERINGEN,Landkreis,Saale-Holzland-Kreis,82816.0,815.26,46.0,49732.0,32018,14774,383,1970,551,575,12,732,27,83000.0,0.0006,1800.0,0.601,0.007,0.012,12.5
396,399,16075,DEG0K,THUERINGEN,Landkreis,Saale-Orla-Kreis,79632.0,1151.32,36.0,50260.0,32232,15989,306,1329,374,387,17,559,22,80000.0,0.0005,2212.0,0.631,0.005,0.008,10.75
397,400,16076,DEG0L,THUERINGEN,Landkreis,Greiz,96668.0,845.95,19.0,60031.0,39359,17619,355,2145,505,541,12,766,27,97000.0,0.0002,5088.0,0.621,0.006,0.009,28.47
398,401,16077,DEG0M,THUERINGEN,Landkreis,Altenburger Land,88356.0,569.39,0.0,51195.0,35897,12669,300,1907,511,408,14,655,28,88000.0,0.0,0.0,0.579,0.005,0.008,0.0
